Name,Description,Size,Script: On Execute,Gadget,Slots,NEED TOTAL?,Colour,Upgrade,Weaken,Alternate Status Trigger,SFX,Uses?,Cast Backwards?,Single use?,Tags,Witch Spell,Script: Before Combat,Script: After Combat,Script: Before Start Turn,Script: On Start Turn,Script: On any equipment use,Script: On any countdown reduce,Script: End Turn,Script: Before execute,Script: On Snap,Script: On Fury,Script: On Dodge
Training Sword@Warrior,Do [cog]<d6>-1  damage[;]|[cog]Warrior: Do 1 extra dmg,2,attack(d); sfxdamage(target[;] d);,,NORMAL,,YELLOW,change_power,change_power,,,0,,,mastery,,,,,,,,,,,,
Training Sword@Warrior_upgraded,Do [cog]<d6> damage[;]|[cog]Warrior: Do 1 extra dmg,2,attack(d+1); sfxdamage(target[;] d+1);,,NORMAL,,YELLOW,,,,,0,,,masteryu,,,,,,,,,,,,
Training Sword@Warrior_downgraded,Do [cog]<d6>-2  damage[;]|[cog]Warrior: Do 1 extra dmg,2,attack(d-1); sfxdamage(target[;] d-1);,,NORMAL,,YELLOW,,,,,0,,,masteryd,,,,,,,,,,,,
Mastery,Upgrade your [cog] equipment|this turn.,1,if(simulation) { bonus(100); } else { inflictself(~master~[;] 1); },,COUNTDOWN,7,GREEN,change_power,change_power,,,0,YES,,,,,,,,,,,,,,
Mastery_upgraded,Upgrade your [cog] equipment|this turn.,1,if(simulation) { bonus(100); } else { inflictself(~master~[;] 1); },,COUNTDOWN,5,GREEN,,change_power,,,0,YES,,,,,,,,,,,,,,
Mastery_downgraded,Upgrade a [cog] equipment|this turn.,1,if(simulation) { bonus(100); } else { inflictself(~masterweak~[;] 1); },,COUNTDOWN,7,GREEN,,,,,0,YES,,,,,,,,,,,,,,
Mastery_weakened,Upgrade a [cog] equipment|this turn.,1,if(simulation) { bonus(100); } else { inflictself(~masterweak~[;] 1); },,COUNTDOWN,5,GREEN,,,,,0,YES,,,,,,,,,,,,,,
Training Sword@WarriorM,Do [cog]<d6>-1  damage[;]|[cog]Warrior: Do 2 extra dmg,2,attack(d+1); sfxdamage(target[;] d+1);,,NORMAL,,YELLOW,change_power,change_power,,,0,,,,,,,,e.setvar(~ex~[;] e.x); e.setvar(~ey~[;] e.y);,,,var ex = e.getvar(~ex~); var ey = e.getvar(~ey~); var name = e.name.split(~@~)[0]; e.create(name + ~@Warrior~[;] false[;] false[;] false); e.x = ex; e.y = ey;,,,,
Training Sword@WarriorM_upgraded,Do [cog]<d6> damage[;]|[cog]Warrior: Do 2 extra dmg,2,attack(d+2); sfxdamage(target[;] d+2);,,NORMAL,,YELLOW,,,,,0,,,,,,,,e.setvar(~ex~[;] e.x); e.setvar(~ey~[;] e.y);,,,var ex = e.getvar(~ex~); var ey = e.getvar(~ey~); var name = e.name.split(~@~)[0]; e.create(name + ~@Warrior~[;] true[;] false[;] false); e.x = ex; e.y = ey;,,,,
Training Sword@WarriorM_downgraded,Do [cog]<d6>-2  damage[;]|[cog]Warrior: Do 2 extra dmg,2,attack(d); sfxdamage(target[;] d);,,NORMAL,,YELLOW,,,,,0,,,,,,,,e.setvar(~ex~[;] e.x); e.setvar(~ey~[;] e.y);,,,var ex = e.getvar(~ex~); var ey = e.getvar(~ey~); var name = e.name.split(~@~)[0]; e.create(name + ~@Warrior~[;] false[;] false[;] false); e.x = ex; e.y = ey;,,,,
Shields Up!,Gain [shield]2 shield.|Enter [shield][]Guard Stance|[gray](Reuseable),1,inflictself(SHIELD[;] 2); sfx(~_shield~); if(getstatusself(~defsta~) == 0) inflictself(~defsta~[;] 1);,,NORMAL,,ORANGE,change_power,change_power,,,0,YES,,defsta,,,,,,,,,,,,
Shields Up!_upgraded,Gain [shield]2 shield.|Enter [shield][]Guard Stance|[gray](Reuseable),1,inflictself(SHIELD[;] 2); sfx(~_shield~); if(getstatusself(~defsta~) == 0) inflictself(~defsta~[;] 1);,,NORMAL,,ORANGE,,,,,3,YES,,defsta,,,,,,,,,,,,
Shields Up!_downgraded,Enter [shield][]Guard Stance,1,inflictself(SHIELD[;] 1); sfx(~_shield~); if(getstatusself(~defsta~) == 0) inflictself(~defsta~[;] 1);,,NORMAL,,ORANGE,,,,,0,YES,,defsta,,,,,,,,,,,,
Double Down,Double dice value|Enter [sword]Attack Stance|[gray](Reuseable),1,givedice(d * 2| ~combinedice~); if(getstatusself(~atksta~) == 0) { inflictself(~atksta~[;] 1); sfx(~useitem~);},,MAX3,,RED,simplify,decreaserange,,,3,YES,,atksta,,,,,,,,,,,,
Battle Tactics,Reroll your dice...|[gray[(Reuseable),2,if(getstatusself(~defsta~) >= 1) { inflictself(SHIELD[;] 1); sfx(~_shield~); givedice(rand([1|2|3|4|5|6]));  } else if(getstatusself(~atksta~) >= 1) { attack(1); sfxdamage(target[;] 1); givedice(rand([1|2|3|4|5|6]));  } else if(getstatusself(~rage~) >= 1) { if(d == 1) { givedice(rand([2|3|4|5|6])); } else if(d == 2) { givedice(rand([3|4|5|6])); } else if(d == 3) { givedice(rand([4|5|6])); } else if(d == 4) { givedice(rand([5|6])); } else if(d == 5) { givedice(6); } else if(d == 6) { givedice([6|1]); } } else { givedice(); },,NORMAL,,,,,,,3,YES,,,,,,,,,,var skill = self.getskillcard(); skill.fulldescription = ~Reroll your dice...~  + ~#~.substr(0[;] 1) + ~[gray](Reuseable)~;,if(getstatusself(~atksta~) >= 1) { e.castdirection = 1; } else {e.castdirection = -1; },,,givedice(rand([1|2|3|4|5|6]));
Rampage,Do [sword]<d6> damage.|Only usable in Rage mode.,2,attack(d); sfxdamage(target[;] d);,,NORMAL|FREE4,,RED,reducesize,change_power,,,0,,,rageonly,,,,e.availablethisturn = false; e.unavailabletext = e.displayname + e.namemodifier; e.unavailabledetails = [~Requires Rage Stance to use~];,,,,,,,,
Rampage_downgraded,Do [sword]<d6> damage.|Only usable in Rage mode.,2,attack(d); sfxdamage(target[;] d);,,NORMAL|FREE2,,RED,,,,,0,,,rageonly,,,,e.availablethisturn = false; e.unavailabletext = e.displayname + e.namemodifier; e.unavailabledetails = [~Requires Rage Stance to use~];,,,,,,,,
Swiftblade,Do [sword]<d6> damage.|Changes with your stance.,1,attack(d); sfxdamage(target[;] d);,,MAX4,,YELLOW,change_power,change_power,,,0,,,stance,,,,,,,,,,,,
Swiftblade_upgraded,Do [sword]<d6> damage.|Changes with your stance.,1,attack(d); sfxdamage(target[;] d);,,NORMAL,,YELLOW,,,,,0,,,stanceu,,,,,,,,,,,,
Swiftblade_downgraded,Do [sword]<d6> damage.,1,attack(d); sfxdamage(target[;] d);,,MAX4,,YELLOW,,,,,0,,,,,,,,,,,,,,,
Swiftblade@def,Do [sword]<d6> damage.|Gain [reduce]1 reduce.,1,attack(d); sfxdamage(target[;] d); inflictself(REDUCE[;] 1); sfx(~_shield~); ,,MAX3,,YELLOW,change_power,,,,0,,,stances,,,,,,,,var ex = e.x; var ey = e.y; e.create(~Swiftblade~[;] false[;] false[;] false); e.x = ex; e.y = ey;,,,, inflictself(REDUCE[;] 1); sfx(~_shield~); 
Swiftblade@def_upgraded,Do [sword]<d6> damage.|Gain [reduce]1 reduce.,1,attack(d); sfxdamage(target[;] d); inflictself(REDUCE[;] 1); sfx(~_shield~); ,,MAX5,,YELLOW,,,,,0,,,stancesu,,,,,,,,var ex = e.x; var ey = e.y; e.create(~Swiftblade~[;] true[;] false[;] false); e.x = ex; e.y = ey;,,,, inflictself(REDUCE[;] 1); sfx(~_shield~); 
Swiftblade@atk,Do [sword]<d6> damage.,1,attack(d); sfxdamage(target[;] d);,,MAX5,,YELLOW,change_power,,,,0,,,stances,,,,,,,,var ex = e.x; var ey = e.y; e.create(~Swiftblade~[;] false[;] false[;] false); e.x = ex; e.y = ey;,,,,
Swiftblade@atk_upgraded,Do [sword]<d6> damage.,1,attack(d); sfxdamage(target[;] d);,,MAX5|FREE1,,YELLOW,,,,,0,,,stancesu,,,,,,,,var ex = e.x; var ey = e.y; e.create(~Swiftblade~[;] true[;] false[;] false); e.x = ex; e.y = ey;,,,,
Swiftblade@rage,Do [sword]<d6> damage.,1,attack(d); sfxdamage(target[;] d);,,MAX5|FREE2,,YELLOW,change_power,,,,0,,,,,,,,,,,var ex = e.x; var ey = e.y; e.create(~Swiftblade~[;] false[;] false[;] false); e.x = ex; e.y = ey;,,,,
Swiftblade@rage_upgraded,Do [sword]<d6> damage.,1,attack(d); sfxdamage(target[;] d);,,MAX5|FREE3,,YELLOW,,,,,0,,,,,,,,,,,var ex = e.x; var ey = e.y; e.create(~Swiftblade~[;] true[;] false[;] false); e.x = ex; e.y = ey;,,,,
Arbiter,Do [sword]dmg of the first die.|Gain [shield] equal to the second.|[gray](Changes with your stance.),2,attack(actualdice[0].basevalue); sfxdamage(target[;] actualdice[0].basevalue); inflictself(SHIELD[;] actualdice[1].basevalue); sfx(~_shield~); ,,MAX4|MAX4,,RED,change_power,change_power,,,0,,,stance,,,,,,,,,,,,
Arbiter_upgraded,Do [sword]dmg of the first die.|Gain [shield] equal to the second.|[80%][gray](Changes with your stance.),1,attack(actualdice[0].basevalue); sfxdamage(target[;] actualdice[0].basevalue); inflictself(SHIELD[;] actualdice[1].basevalue); sfx(~_shield~); ,,MAX4|MAX4,,RED,,change_power,,,0,,,stanceu,,,,,,,,,,,,
Arbiter_downgraded,Do [sword]dmg of the first die.|Gain [shield] equal to the second.|[gray](Changes with your stance.),2,attack(actualdice[0].basevalue); sfxdamage(target[;] actualdice[0].basevalue); inflictself(SHIELD[;] actualdice[1].basevalue); sfx(~_shield~); ,,MAX3|MAX3,,RED,,,,,0,,,stanced,,,,,,,,,,,,
Arbiter_weakened,Do [sword]dmg of the first die.|Gain [shield] equal to the second.|[80%][gray](Changes with your stance.),1,attack(actualdice[0].basevalue); sfxdamage(target[;] actualdice[0].basevalue); inflictself(SHIELD[;] actualdice[1].basevalue); sfx(~_shield~); ,,MAX3|MAX3,,RED,,,,,0,,,stancew,,,,,,,,,,,,
Arbiter@atk,Do [sword]<d6> damage.|[gray](Changes with your stance.),2,attack(d); sfxdamage(target[;] d);,,MIN4|MIN4,,RED,change_power,change_power,,,0,,,stances,,,,,,,,var ex = e.x; var ey = e.y; e.create(e.name.split(~@~)[0][;] false[;] false[;] false); e.x = ex; e.y = ey;,,,,
Arbiter@atk_upgraded,Do [sword]<d6> damage.|[gray](Changes with your stance.),1,attack(d); sfxdamage(target[;] d);,,MIN4|MIN4,,RED,,change_power,,,0,,,stancesu,,,,,,,,var ex = e.x; var ey = e.y; e.create(e.name.split(~@~)[0][;] true[;] false[;] false); e.x = ex; e.y = ey;,,,,
Arbiter@atk_downgraded,Do [sword]<d6> damage.|[gray](Changes with your stance.),2,attack(d); sfxdamage(target[;] d);,,RANGE45|RANGE45,,RED,,,,,0,,,stancesd,,,,,,,,var ex = e.x; var ey = e.y; e.create(e.name.split(~@~)[0][;] false[;] false[;] false); e.x = ex; e.y = ey;,,,,
Arbiter@atk_weakened,Do [sword]<d6> damage.|[gray](Changes with your stance.),1,attack(d); sfxdamage(target[;] d);,,RANGE45|RANGE45,,RED,,,,,0,,,stancesw,,,,,,,,var ex = e.x; var ey = e.y; e.create(e.name.split(~@~)[0][;] false[;] false[;] false); e.x = ex; e.y = ey;,,,,
Arbiter@def,Gain [shield]<d6> shield.|[gray](Changes with your stance.),2,inflictself(SHIELD[;] d); sfx(~_shield~);,,DOUBLES|DOUBLES,8,ORANGE,change_power,change_power,,,0,,,stances,,,,,,,,var ex = e.x; var ey = e.y; e.create(e.name.split(~@~)[0][;] false[;] false[;] false); e.x = ex; e.y = ey;,,,,
Arbiter@def_upgraded,Gain [shield]<d6> shield.|[gray](Changes with your stance.),1,inflictself(SHIELD[;] d); sfx(~_shield~);,,DOUBLES|DOUBLES,8,ORANGE,,change_power,,,0,,,stancesu,,,,,,,,var ex = e.x; var ey = e.y; e.create(e.name.split(~@~)[0][;] true[;] false[;] false); e.x = ex; e.y = ey;,,,,
Arbiter@def_downgraded,Gain [shield]<d6> shield.|[gray](Changes with your stance.),2,inflictself(SHIELD[;] d); sfx(~_shield~);,,REQUIRE4|REQUIRE4,,ORANGE,,,,,0,YES,,stancesd,,,,,,,,var ex = e.x; var ey = e.y; e.create(e.name.split(~@~)[0][;] false[;] false[;] false); e.x = ex; e.y = ey;,,,,
Arbiter@def_weakened,Gain [shield]<d6> shield.|[gray](Changes with your stance.),1,inflictself(SHIELD[;] d); sfx(~_shield~);,,REQUIRE4|REQUIRE4,,ORANGE,,,,,0,YES,,stancesw,,,,,,,,var ex = e.x; var ey = e.y; e.create(e.name.split(~@~)[0][;] false[;] false[;] false); e.x = ex; e.y = ey;,,,,
Arbiter@rage,Do [sword]<d6> damage.|Gain [shield]<d6> shield.|[gray](Changes with your stance.),2,attack(d); sfxdamage(target[;] d); inflictself(SHIELD[;] d); sfx(~_shield~);,,NORMAL|NORMAL,,RED,change_power,change_power,,,0,,,,,,,,,,,var ex = e.x; var ey = e.y; e.create(e.name.split(~@~)[0][;] false[;] false[;] false); e.x = ex; e.y = ey;,,,, inflictself(SHIELD[;] d); sfx(~_shield~);
Arbiter@rage_upgraded,Do [sword]<d6> damage.|Gain [shield]<d6> shield.|[80%][gray](Changes with your stance.),1,attack(d); sfxdamage(target[;] d); inflictself(SHIELD[;] d); sfx(~_shield~);,,NORMAL|NORMAL,,RED,,change_power,,,0,,,,,,,,,,,var ex = e.x; var ey = e.y; e.create(e.name.split(~@~)[0][;] true[;] false[;] false); e.x = ex; e.y = ey;,,,, inflictself(SHIELD[;] d); sfx(~_shield~);
Arbiter@rage_downgraded,Do [sword]<d6> damage.|Gain [shield]<d6> shield.|[gray](Changes with your stance.),2,attack(d); sfxdamage(target[;] d); inflictself(SHIELD[;] d); sfx(~_shield~);,,NORMAL|NORMAL,,RED,,,,,0,,,,,,,,,,,var ex = e.x; var ey = e.y; e.create(e.name.split(~@~)[0][;] false[;] false[;] false); e.x = ex; e.y = ey;,,,, inflictself(SHIELD[;] d); sfx(~_shield~);
Arbiter@rage_weakened,Do [sword]<d6> damage.|Gain [shield]<d6> shield.|[80%][gray](Changes with your stance.),1,attack(d); sfxdamage(target[;] d); inflictself(SHIELD[;] d); sfx(~_shield~);,,NORMAL|NORMAL,,RED,,,,,0,,,,,,,,,,,var ex = e.x; var ey = e.y; e.create(e.name.split(~@~)[0][;] false[;] false[;] false); e.x = ex; e.y = ey;,,,, inflictself(SHIELD[;] d); sfx(~_shield~);
Hyperboom@Warrior,Do [cog]<double> damage[;]but|take [cog]<d6> damage.|[cog]Warrior: +1 damage,1,var b = d+1; attack(b*2); sfxdamage(target|b*2); boomerang(b); sfxdamage(self|b);,,MIN3|FREE1,,YELLOW,change_power,change_power,,,0,,,mastery,,,,,,,,,,,,
Hyperboom@Warrior_upgraded,Do [cog]<double> damage[;]but|take [cog]3 damage.|[cog]Warrior: +1 damage,1,var b = d+1; attack(b*2); sfxdamage(target|b*2); boomerang(4); sfxdamage(self|4);,,MIN3|FREE1,,YELLOW,,,,,0,,,masteryu,,,,,,,,,,,,
Hyperboom@Warrior_downgraded,Do [cog]<double> damage[;]but|take [cog]<d6> damage.|[cog]Warrior: +1 damage,1,var b = d+1; attack(b*2); sfxdamage(target|b*2); boomerang(b); sfxdamage(self|b);,,MIN5|FREE1,,YELLOW,,,,,0,,,masteryd,,,,,,,,,,,,
Hyperboom@WarriorM,Do [cog]<double> damage[;]but|take [cog]<d6> damage.|[cog]Warrior: +2 damage,1,var b = d+2; attack(b*2); sfxdamage(target|b*2); boomerang(b); sfxdamage(self|b);,,MIN3|FREE1,,YELLOW,change_power,change_power,,,0,,,,,,,,e.setvar(~ex~[;] e.x); e.setvar(~ey~[;] e.y);,,,var ex = e.getvar(~ex~); var ey = e.getvar(~ey~); var name = e.name.split(~@~)[0]; e.create(name + ~@Warrior~[;] false[;] false[;] false); e.x = ex; e.y = ey;,,,,
Hyperboom@WarriorM_upgrade ,Do [cog]<double> damage[;]but|take [cog]3 damage.|[cog]Warrior: +2 damage,1,var b = d+2; attack(b*2); sfxdamage(target|b*2); boomerang(4); sfxdamage(self|4);,,MIN3|FREE1,,YELLOW,,,,,0,,,,,,,,e.setvar(~ex~[;] e.x); e.setvar(~ey~[;] e.y);,,,var ex = e.getvar(~ex~); var ey = e.getvar(~ey~); var name = e.name.split(~@~)[0]; e.create(name + ~@Warrior~[;] true[;] false[;] false); e.x = ex; e.y = ey;,,,,
Hyperboom@WarriorM_downgraded,Do [cog]<double> damage[;]but|take [cog]<d6> damage.|[cog]Warrior: +2 damage,1,var b = d21; attack(b*2); sfxdamage(target|b*2); boomerang(b); sfxdamage(self|b);,,MIN5|FREE1,,YELLOW,,,,,0,,,,,,,,e.setvar(~ex~[;] e.x); e.setvar(~ey~[;] e.y);,,,var ex = e.getvar(~ex~); var ey = e.getvar(~ey~); var name = e.name.split(~@~)[0]; e.create(name + ~@Warrior~[;] false[;] false[;] false); e.x = ex; e.y = ey;,,,,
Sheath,[dice]Store all dice[;]|Returns on use|[gray](Contains stored dice.),1,givedice(self.getvar(~she~));  self.setvar(~she~| []);,,COUNTDOWN,12,GREEN,change_power,change_power,,,0,YES,,,,self.setvar(~she~[;] []);,self.setvar(~she~[;] []); e.fulldescription = ~[dice]Stores all dice[;]~ + ~#~.substr(0[;] 1) + ~Returns on use~  + ~#~.substr(0[;] 1) + ~[gray](Contains stored dice)~;,,,,var sh = self.getvar(~she~); if(e.dicehistory.length > 0) { sh.push(e.dicehistory[0].basevalue); e.dicehistory = []; e.fulldescription = ~[dice]Stores all dice[;]~ + ~#~.substr(0[;] 1) + ~Returns on use~  + ~#~.substr(0[;] 1) + ~[gray](Contains ~ + sh.toString().split(~[~)[1].split(~]~)[0] + ~)~; } self.setvar(~she~| sh); ,,,,,
Sheath_upgraded,[dice]Store all dice[;]|Returns on use + an extra dice|[gray](Contains stored dice + an extra),1,givedice([self.getvar(~she~)|rand([1|2|3|4|5|6])]);  self.setvar(~she~| []);,,COUNTDOWN,12,GREEN,,,,,0,YES,,,,self.setvar(~she~[;] []);,self.setvar(~she~[;] []); e.fulldescription = ~[dice]Stores all dice[;]~ + ~#~.substr(0[;] 1) + ~Returns on use~  + ~#~.substr(0[;] 1) + ~[gray](Contains stored dice + an extra)~;,,,,var sh = self.getvar(~she~); if(e.dicehistory.length > 0) { sh.push(e.dicehistory[0].basevalue); e.dicehistory = [];  e.fulldescription = ~[dice]Stores all dice[;]~ + ~#~.substr(0[;] 1) + ~Returns on use~  + ~#~.substr(0[;] 1) + ~[gray](Contains ~ + sh.toString().split(~[~)[1].split(~]~)[0] + ~ + an extra)~; } self.setvar(~she~| sh);,,,,,
Sheath_downgraded,[dice]Store all dice[;]|Returns one on use|[gray](Gives one stored dice),1,givedice(rand(self.getvar(~she~))); self.setvar(~she~| []);,,COUNTDOWN,12,GREEN,,,,,0,YES,,,,self.setvar(~she~[;] []);,self.setvar(~she~[;] []);,,,,var sh = self.getvar(~she~); if(e.dicehistory.length > 0) { sh.push(e.dicehistory[0].basevalue); e.dicehistory = []; e.fulldescription = ~[dice]Stores all dice[;]~ + ~#~.substr(0[;] 1) + ~Returns on use~  + ~#~.substr(0[;] 1) + ~[gray](Can give ~ + sh.toString().split(~[~)[1].split(~]~)[0] + ~)~; } self.setvar(~she~| sh); ,,,,,
Darts,Do [sword]<d6> damage twice.|[sword]Atk: Extra [sword]<d6> damage.|[gray](Reuseable),1,attack(d); sfxdamage(target[;] d); attack(d); sfxdamage(target[;] d); if(getstatusself(~atksta~) >= 0) { attack(d); sfxdamage(target| d); },,MAX2,,RED,increaserange,change_power,,,3,,,,,,,,,,,,,,,
Darts_downgraded,Do [sword]<d6> damage twice.|[sword]Atk: Extra [sword]<d6> damage.|[gray](Reuseable),1,attack(d); sfxdamage(target[;] d); attack(d); sfxdamage(target[;] d); if(getstatusself(~atksta~) >= 0) { attack(d); sfxdamage(target| d); },,REQUIRE1,,RED,,,,,3,,,,,,,,,,,,,,,
Twinstars,Do [sword]10 damage[;]|Take [sword]<d6> damage.,1,attack(10); sfxdamage(target|10); boomerang(d);,,DOUBLES|DOUBLES,,BRIGHTCYAN,change_power,change_power,,,,,,,,,,,,,,,,,,
Twinstars_upgraded,Do [sword]10 damage[;]|Take [sword]<d6> damage.,1,attack(10); sfxdamage(target|10); boomerang(d);,,NORMAL|NORMAL,,BRIGHTCYAN,,,,,,,,,,,,,,,,,,,,
Twinstars_downgraded,Do [sword]8 damage[;]|Take [sword]<d6> damage.,1,attack(8); sfxdamage(target|8); boomerang(d);,,DOUBLES|DOUBLES,,BRIGHTCYAN,,,,,,,,,,,,,,,,,,,,
Charge,Reroll all other die[;]|Enter [sword][]Attack Stance,1,var c = 0; if(self != null) { if(self.dicepool != null){ if(self.dicepool.length > 0) { for (mydice in self.dicepool){ if (mydice.available()){ mydice.animatereroll(rand([1|2|3|4|5|6])| self.screenposition()| c * 0.05); c++; } } } } } if(getstatusself(~atksta~) == 0) { inflictself(~atksta~[;] 1); sfx(~_fury~);},,COUNTDOWN,5,RED,change_power,change_power,,,,YES,,atksta,,,,,,,,,,,,
Charge_upgraded,Reroll all die[;]|Enter [sword][]Attack Stance,1,var c = 0; if(self != null) { if(self.dicepool != null){ if(self.dicepool.length > 0) { for (mydice in self.dicepool){ if (mydice.available()){ mydice.animatereroll(rand([1|2|3|4|5|6])| self.screenposition()| c * 0.05); c++; } } } } } var di = e.getvar(~di~); while(di > 0) { d--; givedice(rand([1|2|3|4|5|6])); } e.setvar(~di~| 0); if(getstatusself(~atksta~) == 0) { inflictself(~atksta~[;] 1); sfx(~_fury~);},,COUNTDOWN,5,RED,,,,,,YES,,atksta,,e.setvar(~di~| 0);,e.setvar(~di~| 0);,,,,var di = e.getvar(~di~); if(e.dicehistory.length > 0) { sh.push( di++; e.dicehistory = []; } e.setvar(~di~| di); ,,,,,
Charge_downgraded,Enter [sword][]Attack Stance,1,var c = 0; if(self != null) { if(self.dicepool != null){ if(self.dicepool.length > 0) { for (mydice in self.dicepool){ if (mydice.available()){ mydice.animatereroll(rand([1|2|3|4|5|6])| self.screenposition()| c * 0.05); c++; } } } } } if(getstatusself(~atksta~) == 0) { inflictself(~atksta~[;] 1); sfx(~_fury~);},,COUNTDOWN,5,RED,,,,,,YES,,atksta,,,,,,,,,,,,
Juggernaut,Do [shield]<myshield>*2 damage.|[shield]: Lose [heart] equal to [shield] (Min 1),2,var dm = getstatusself(SHIELD) *2; if(getstatusself(SHIELD) >= self.hp) { self.hp = 1; sfxdamage(self|getstatusself(SHIELD)); } else { attackself(getstatusself(SHIELD)); sfxdamage(self|getstatusself(SHIELD)); }  attack(dm); sfxdamage(target|dm);,,COUNTDOWN,20,ORANGE,change_power,change_power,,,,,,,,,,,,,,,,,,
Juggernaut_upgraded,Do [shield]<myshield>*2 damage.|[shield]: Lose [heart] equal to [shield] (Min 1),2,var dm = getstatusself(SHIELD) *2; if(getstatusself(SHIELD) >= self.hp) { self.hp = 1; sfxdamage(self|getstatusself(SHIELD)); } else { attackself(getstatusself(SHIELD)); sfxdamage(self|getstatusself(SHIELD)); }  attack(dm); sfxdamage(target|dm);,,COUNTDOWN,15,ORANGE,,change_power,,,,,,,,,,,,,,,,,,
Juggernaut_downgraded,Do [shield]<myshield> damage.|[shield]: Lose [heart] equal to [shield] (Min 1),2,var dm = getstatusself(SHIELD); if(getstatusself(SHIELD) >= self.hp) { self.hp = 1; sfxdamage(self|getstatusself(SHIELD)); } else { attackself(getstatusself(SHIELD)); sfxdamage(self|getstatusself(SHIELD)); }  attack(dm); sfxdamage(target|dm);,,COUNTDOWN,20,ORANGE,,,,,,,,,,,,,,,,,,,,
Juggernaut_weakened,Do [shield]<myshield> damage.|[shield]: Lose [heart] equal to [shield] (Min 1),2,var dm = getstatusself(SHIELD); if(getstatusself(SHIELD) >= self.hp) { self.hp = 1; sfxdamage(self|getstatusself(SHIELD)); } else { attackself(getstatusself(SHIELD)); sfxdamage(self|getstatusself(SHIELD)); }  attack(dm); sfxdamage(target|dm);,,COUNTDOWN,15,ORANGE,,,,,,,,,,,,,,,,,,,,
Inner Power,Do [sword]50 hp|Reduce your heath to 1.,1,,,,,,,,,,,,,,,,,,,,,,,,,
Inner Power,,1,,,,,,,,,,,,,,,,,,,,,,,,,
Inner Power,,1,,,,,,,,,,,,,,,,,,,,,,,,,
Peanut Butter,,1,,,,,,,,,,,,,,,,,,,,,,,,,
Peanut Butter,,1,,,,,,,,,,,,,,,,,,,,,,,,,
Peanut Butter,,1,,,,,,,,,,,,,,,,,,,,,,,,,
Catnip,,1,,,,,,,,,,,,,,,,,,,,,,,,,
Catnip,,1,,,,,,,,,,,,,,,,,,,,,,,,,
Catnip,,1,,,,,,,,,,,,,,,,,,,,,,,,,
Manipulation,,1,,,,,,,,,,,,,,,,,,,,,,,,,
Manipulation,,1,,,,,,,,,,,,,,,,,,,,,,,,,
Manipulation,,1,,,,,,,,,,,,,,,,,,,,,,,,,
Way of the Blade,,2,,,,,,,,,,,,,,,,,,,,,,,,,
Way of the Blade,,2,,,,,,,,,,,,,,,,,,,,,,,,,
Way of the Blade,,2,,,,,,,,,,,,,,,,,,,,,,,,,
Sacred Wind,,1,,,,,,,,,,,,,,,,,,,,,,,,,
Sacred Wind,,1,,,,,,,,,,,,,,,,,,,,,,,,,
Sacred Wind,,1,,,,,,,,,,,,,,,,,,,,,,,,,
High Ground,,2,,,,,,,,,,,,,,,,,,,,,,,,,
High Ground,,2,,,,,,,,,,,,,,,,,,,,,,,,,
High Ground,,2,,,,,,,,,,,,,,,,,,,,,,,,,
Halberd,Do [sword]<d6>^2 damage,2,attack(d*d); sfxdamage(target|d*d);,,MAX3,,YELLOW,reducesize,decreaserange,,,,,,,,,,,,,,,,,,
Skull Staff,,2,,,,,,,,,,,,,,,,,,,,,,,,,
Skull Staff,,2,,,,,,,,,,,,,,,,,,,,,,,,,
Skull Staff,,2,,,,,,,,,,,,,,,,,,,,,,,,,
Riddle with Holes,,2,,,,,,,,,,,,,,,,,,,,,,,,,
Riddle with Holes,,2,,,,,,,,,,,,,,,,,,,,,,,,,
Riddle with Holes,,2,,,,,,,,,,,,,,,,,,,,,,,,,
Bash,,2,,,,,,,,,,,,,,,,,,,,,,,,,
Bash,,2,,,,,,,,,,,,,,,,,,,,,,,,,
Bash,,2,,,,,,,,,,,,,,,,,,,,,,,,,
Crescent Moon,,1,,,,,,,,,,,,,,,,,,,,,,,,,
Crescent Moon,,1,,,,,,,,,,,,,,,,,,,,,,,,,
Crescent Moon,,1,,,,,,,,,,,,,,,,,,,,,,,,,
Spinner,,1,,,,,,,,,,,,,,,,,,,,,,,,,
Spinner,,1,,,,,,,,,,,,,,,,,,,,,,,,,
Spinner,,1,,,,,,,,,,,,,,,,,,,,,,,,,
Flipped Dagger,,1,,,,,,,,,,,,,,,,,,,,,,,,,
Flipped Dagger,,1,,,,,,,,,,,,,,,,,,,,,,,,,
Flipped Dagger,,1,,,,,,,,,,,,,,,,,,,,,,,,,
Leg Sweep,Do [sword]7-<d6> damage.|Inflict [weaken]2 Weaken,2,attack(7-d); sfxdamage(target|7-d); inflict(WEAKEN|1); sfx(~_weaken~);,,MIN2,,ORANGE,increaserange,decreaserange,,,,,,,,,,,,,,,,,,
Siphon,,1,,,,,,,,,,,,,,,,,,,,,,,,,
Siphon,,1,,,,,,,,,,,,,,,,,,,,,,,,,
Siphon,,1,,,,,,,,,,,,,,,,,,,,,,,,,
X Guard,Gain [shield]7 shield|Only usable in Defense mode.|[gray](Reuseable),2,inflictself(SHIELD|7); sfx(~_shield~);,,EVEN,,ORANGE,simplify,complicate,,,3,YES,,defonly,,,,e.availablethisturn = false; e.unavailabletext = e.displayname + e.namemodifier; e.unavailabledetails = [~Requires Defense Stance to use~];,,,,,,,,
Pommel Strike ,,1,,,,,,,,,,,,,,,,,,,,,,,,,
Pommel Strike ,,1,,,,,,,,,,,,,,,,,,,,,,,,,
Pommel Strike ,,1,,,,,,,,,,,,,,,,,,,,,,,,,
Deathblade,Do [sword]<double> damage.|Useable after 3 turns.,2,var dm = d*2; attack(dm); sfxdamage(target|dm); ,,NORMAL,,PURPLE,change_power,change_power,,,0,,,,,,,if(turn >= 3) { e.availablethisturn = true; } else { var tur = 3- turn; e.availablethisturn = false; e.unavailabletext = e.displayname + e.namemodifier; e.unavailabledetails = [~Unavailable (~+ tur + ~ turns left.)~];},,,,,,,,
Deathblade_upgraded,Do [sword]<triple> damage.|Useable after 3 turns.,2,var dm = d*3; attack(dm); sfxdamage(target|dm); ,,NORMAL,,PURPLE,,,,,0,,,,,,,if(turn >= 3) { e.availablethisturn = true; } else { var tur = 3- turn; e.availablethisturn = false; e.unavailabletext = e.displayname + e.namemodifier; e.unavailabledetails = [~Unavailable (~+ tur + ~ turns left.)~];},,,,,,,,
Deathblade_downgraded,Do [sword]<d6> damage.|Useable after 3 turns.,2,var dm = d; attack(dm); sfxdamage(target|dm); ,,NORMAL,,PURPLE,,,,,0,,,,,,,if(turn >= 3) { e.availablethisturn = true; } else { var tur = 3- turn; e.availablethisturn = false; e.unavailabletext = e.displayname + e.namemodifier; e.unavailabledetails = [~Unavailable (~+ tur + ~ turns left.)~];},,,,,,,,
Pocket Sand,Inflict [weaken]1 Weaken.,1,inflict(WEAKEN| 1); sfx(~_weaken~);,,NORMAL,,ORANGE,change_power,complicate,,,0,,,,,,,,,,,,,,,
Pocket Sand_upgraded,Inflict [weaken]2 Weaken.,1,inflict(WEAKEN| 2); sfx(~_weaken~);,,NORMAL,,ORANGE,,,,,0,,,,,,,,,,,,,,,
Thorny Veil,Gain [thorns]1 Thorns.|Reroll the dice|[gray](Reuseable),2,inflictself(THORNS| 1); sfx(~_thorns~); givedice();,,EVEN,,GREEN,change_power,change_power,,,2,YES,,,,,,,,,,,,,,
Thorny Veil_upgraded,Gain [thorns]1 Thorns.|Reroll the dice|[gray](Reuseable),2,inflictself(THORNS| 1); sfx(~_thorns~); givedice();,,EVEN,,GREEN,,,,,4,YES,,,,,,,,,,,,,,
Thorny Veil_downgraded,Gain [thorns]1 Thorns.|[gray](Reuseable),2,inflictself(THORNS| 1); sfx(~_thorns~);,,EVEN,,GREEN,,,,,2,YES,,,,,,,,,,,,,,
Needle,Do [sword]1 damage.|[gray](Reuseable),1,attack(1); sfxdamage(target|1);,,NORMAL,,GREEN,change_power,complicate,,,-1,,,,,,,,,,,,,,,
Needle_upgraded,Do [sword]2 damage.|[gray](Reuseable),1,attack(2); sfxdamage(target|2);,,NORMAL,,GREEN,,,,,-1,,,,,,,,,,,,,,,
Magic Wand,Gain [mana]1 mana[;]|reroll a lower value|[gray](Reuseable),1,inflictself(MANA|1); sfx(~_mana~); if(!simulation) { var outcome = []; for(i in 1 ... d) { outcome.push(i); } givedice(rand(outcome)); } else { givedice(); },,MIN4,,YELLOW,increaserange,change_power,,,2,YES,,,,,,,,,,,,,,
Magic Wand_downgraded,Gain [mana]1 mana[;]|reroll a lower value|[gray](Reuseable),1,inflictself(MANA|1); sfx(~_mana~); if(!simulation) { var outcome = []; for(i in 1 ... d) { outcome.push(i); } givedice(rand(outcome)); } else { givedice(); },,REQUIRE6,,YELLOW,,,,,2,YES,,,,,,,,,,,,,,
Enchantment,Inflict a random status|Deal [mana]1 damage|[mana]:+1 per 2 mana you have,1,var dm = (getstatusself(~mana~)/2)+1; attack(dm); sfxdamage(target|dm); var randstatus = rand([BLIND|FIRE|WEAKEN|SHOCK|POISON]); inflict(randstatus|1); sfxdamage(target|d); sfx(~_~ + randstatus.toLowerCase()|~~|0.2);,,MAX2,,PINK,change_power,change_power,,,0,,,,,,,,,,,,,,,
Enchantment_upgraded,Inflict 2x random status|Deal [mana]1 damage|[mana]:+1 per 2 mana you have,1,var dm = (getstatusself(~mana~)/2)+1; attack(dm); sfxdamage(target|dm); var randstatus = rand([BLIND|FIRE|WEAKEN|SHOCK|POISON]); inflict(randstatus|2); sfxdamage(target|d); sfx(~_~ + randstatus.toLowerCase()|~~|0.2);,,MAX2,,PINK,,,,,0,,,,,,,,,,,,,,,
Enchantment_downgraded,Inflict a random status|Deal [mana]1 damage|[mana]:+1 per 2 mana you have,1,var dm = (getstatusself(~mana~)/2)+1; attack(dm); sfxdamage(target|dm); var randstatus = rand([BLIND|FIRE|WEAKEN|SHOCK|POISON]); inflict(randstatus|1); sfxdamage(target|d); sfx(~_~ + randstatus.toLowerCase()|~~|0.2);,,REQUIRE2,,PINK,,,,,0,,,,,,,,,,,,,,,
Recharge,Gain [sword]2 Charge Up[;]|give a random dice,1,inflictself(~chargeup~| 2); sfx(~_magic~); givedice(); bonus(110);,,COUNTDOWN,7,RED,change_power,change_power,,,0,YES,,,,,,,,,,,,,,
Recharge_upgraded,Gain [sword]3 Charge Up[;]|give a random dice,1,inflictself(~chargeup~| 3); sfx(~_magic~); givedice(); bonus(110);,,COUNTDOWN,7,RED,,,,,0,YES,,,,,,,,,,,,,,
Recharge_downgraded,Gain [sword]1 Charge Up[;]|give a random dice,1,inflictself(~chargeup~| 1); sfx(~_magic~); givedice(); bonus(110);,,COUNTDOWN,7,RED,,,,,0,YES,,,,,,,,,,,,,,
Fire!,Deal [sword]2x Charge Up[;]|remove all [sword]Charge Up,2,var dm = getstatusself(~chargeup~) *2; attack(dm); sfxdamage(target|dm); removestatusself(~chargeup~|getstatusself(~chargeup~)); bonus(dm*10);,,NORMAL|NORMAL,,RED,change_power,change_power,,,0,,,,,,,,,,,,,,,
Fire!_upgraded,Deal [sword]3x Charge Up[;]|remove all [sword]Charge Up,2,var dm = getstatusself(~chargeup~) *3; attack(dm); sfxdamage(target|dm); removestatusself(~chargeup~|getstatusself(~chargeup~)); bonus(dm*10);,,NORMAL|NORMAL,,RED,,,,,0,,,,,,,,,,,,,,,
Fire!_downgraded,Deal [sword]1x Charge Up[;]|remove all [sword]Charge Up,2,var dm = getstatusself(~chargeup~) *1; attack(dm); sfxdamage(target|dm); removestatusself(~chargeup~|getstatusself(~chargeup~)); bonus(dm*10);,,NORMAL|NORMAL,,RED,,,,,0,,,,,,,,,,,,,,,
Slime Scoop,Inflict [poison]2 poison[;]|Inflict [ice]1 freeze,1,inflict(ICE|1); inflict(POISON|2); sfx(~_ice~); sfx(~_poison~);,,EVEN,,PURPLE,change_power,change_power,,,0,,,,,,,,,,,,,,,
Slime Scoop_upgraded,Inflict [poison]3 poison[;]|Inflict [ice]2 freeze,1,inflict(ICE|2); inflict(POISON|3); sfx(~_ice~); sfx(~_poison~);,,EVEN,,PURPLE,,,,,0,,,,,,,,,,,,,,,
Slime Scoop_downgraded,Inflict [poison]1 poison[;]|Inflict [ice]1 freeze,1,inflict(ICE|1); inflict(POISON|1); sfx(~_ice~); sfx(~_poison~);,,EVEN,,PURPLE,,,,,0,,,,,,,,,,,,,,,
Waffle Cone,Gain [shield]3 shield,1,inflictself(SHIELD| 3); sfx(~_shield~);,,ODD,,ORANGE,change_power,complicate,,,0,YES,,,,,,,,,,,,,,
Waffle Cone_upgraded,Gain [shield]2 shield[;]|and [reduce]1 reduce,1,inflictself(SHIELD| 2); inflicself(REDUCE|1); sfx(~_shield~);,,ODD,,ORANGE,,,,,0,YES,,,,,,,,,,,,,,
Puppy Eyes,Inflict [weaken]1 weaken.|Only available on even turns,1,inflict(WEAKEN| 1); sfx(~_weaken~); ,,NORMAL,,PINK,change_power,change_power,,,0,,,,,,,if(turn % 2 == 0) { e.availablethisturn = true; } else { e.availablethisturn = false; e.unavailabletext = e.displayname + e.namemodifier; e.unavailabledetails = [~Unavailable (Odd Turn)~];},,,,,,,,
Puppy Eyes_upgraded,Inflict [weaken]2 weaken.|Only available on even turns,1,inflict(WEAKEN| 2); sfx(~_weaken~); ,,NORMAL,,PINK,,,,,0,,,,,,,if(turn % 2 == 0) { e.availablethisturn = true; } else { e.availablethisturn = false; e.unavailabletext = e.displayname + e.namemodifier; e.unavailabledetails = [~Unavailable (Odd Turn)~];},,,,,,,,
Puppy Eyes_downgraded,Inflict [weaken]1 weaken.|Only available on even turns,1,inflict(WEAKEN| 1); sfx(~_weaken~); ,,EVEN,,PINK,,,,,0,,,,,,,if(turn % 2 == 0) { e.availablethisturn = true; } else { e.availablethisturn = false; e.unavailabletext = e.displayname + e.namemodifier; e.unavailabledetails = [~Unavailable (Odd Turn)~];},,,,,,,,
Bark,Inflict [shock]1 shock.|Only available on odd turns,1,inflict(SHOCK| 1); sfx(~_shock~); ,,NORMAL,,YELLOW,change_power,complicate,,,0,,,,,,,if(turn % 2 == 1) { e.availablethisturn = true; } else { e.availablethisturn = false; e.unavailabletext = e.displayname + e.namemodifier; e.unavailabledetails = [~Unavailable (Odd Turn)~];},,,,,,,,
Bark_upgraded,Inflict [shock]2 shock.|Only available on odd turns,1,inflict(SHOCK| 2); sfx(~_shock~); ,,NORMAL,,YELLOW,,,,,0,,,,,,,if(turn % 2 == 1) { e.availablethisturn = true; } else { e.availablethisturn = false; e.unavailabletext = e.displayname + e.namemodifier; e.unavailabledetails = [~Unavailable (Odd Turn)~];},,,,,,,,
Bark_downgraded,Inflict [shock]1 shock.|Only available on odd turns,1,inflict(SHOCK| 1); sfx(~_shock~); ,,ODD,,YELLOW,,,,,0,,,,,,,if(turn % 2 == 1) { e.availablethisturn = true; } else { e.availablethisturn = false; e.unavailabletext = e.displayname + e.namemodifier; e.unavailabledetails = [~Unavailable (Odd Turn)~];},,,,,,,,
Bite,Deal [sword]3 damage,1,attack(3); sfxdamage(target|3);,,COUNTDOWN,4,RED,change_power,change_power,,,0,,,,,,,,,,,,,,,
Bite_upgraded,Deal [sword]4 damage,1,attack(4); sfxdamage(target|4);,,COUNTDOWN,4,RED,,,,,0,,,,,,,,,,,,,,,
Bite_downgraded,Deal [sword]2 damage,1,attack(2); sfxdamage(target|2);,,COUNTDOWN,4,RED,,,,,0,,,,,,,,,,,,,,,
Pew Pew Pew@Robobot,Deal [cog]3 damage|[cog]Robobot: Reroll the dice|[gray](Reuseable),1,attack(3); sfxdamage(target|3); givedice();,,MIN4,,RED,change_power,change_power,,,3,,,,,,,,,,,,,,,givedice();
Pew Pew Pew@Robobot_upgraded,Deal [cog]4 damage|[cog]Robobot: Reroll the dice|[gray](Reuseable),1,attack(4); sfxdamage(target|4); givedice();,,MIN4,,RED,,,,,3,,,,,,,,,,,,,,,givedice();
Pew Pew Pew@Robobot_downgraded,Deal [cog]2 damage|[cog]Robobot: Reroll the dice|[gray](Reuseable),1,attack(2); sfxdamage(target|2); givedice();,,MIN4,,RED,,,,,3,,,,,,,,,,,,,,,givedice();
Firebody,Roll 2 dice.|[fire]Burn all your dice,1,if(simulation) { bonus(100); } else { var c = 0; if(self != null) { if(self.dicepool != null){ if(self.dicepool.length > 0) { for (mydice in self.dicepool){ if (mydice.available()){ mydice.animate(FIRE|c * 0.05); c++; } } } } } } inflictself(FIRE| ALL); inflictself(FIRE| 2); givedice([rand([1|2|3|4|5|6])|rand([1|2|3|4|5|6])]); ,,ODD,,RED,change_power,change_power,,,0,YES,,,,,,,,,,,,,,
Firebody_upgraded,Roll 3 dice.|[fire]Burn all your dice,1,if(simulation) { bonus(100); } else { var c = 0; if(self != null) { if(self.dicepool != null){ if(self.dicepool.length > 0) { for (mydice in self.dicepool){ if (mydice.available()){ mydice.animate(FIRE|c * 0.05); c++; } } } } } } inflictself(FIRE| ALL); inflictself(FIRE| 3); givedice([rand([1|2|3|4|5|6])|rand([1|2|3|4|5|6])|rand([1|2|3|4|5|6])]); ,,ODD,,RED,,,,,0,YES,,,,,,,,,,,,,,
Firebody_downgraded,Roll 1 dice.|[fire]Burn all your dice,1,if(simulation) { bonus(100); } else { var c = 0; if(self != null) { if(self.dicepool != null){ if(self.dicepool.length > 0) { for (mydice in self.dicepool){ if (mydice.available()){ mydice.animate(FIRE|c * 0.05); c++; } } } } } } inflictself(FIRE| ALL); inflictself(FIRE| 1); givedice(rand([1|2|3|4|5|6]));,,ODD,,RED,,,,,0,YES,,,,,,,,,,,,,,
Flare Up,Deal [fire]dmg equal to|your [fire]Burn|[fire]: +1 per status on enemy.,1,if(simulation) { bonus(getstatusself(FIRE)*100000); } else { var dm = getstatusself(FIRE) + getstatus(ALL); attack(dm| FIRE); sfx(~_fire~|~~|0.2); sfxdamage(target| dm); },,EVEN,,RED,simplify,complicate,,,0,,,,,,,,,,,,,,,
Trowel,Dig up a random [vege]Veggie,1,if(!simulation) { giveequipment(rand(getequipmentlist(null[;][~vege~][;][]))[;]true[;]false); } bonus(100); sfx(~useitem~);,,NORMAL,,ORANGE,change_power,change_power,,,0,YES,,,,,,,,,,,,,,
Trowel_upgraded,Dig up 2 random [vege]Veggies,1,if(!simulation) { giveequipment(rand(getequipmentlist(null[;][~vege~][;][])) + ~+~[;]true[;]false); } bonus(200); sfx(~useitem~);,,NORMAL,,ORANGE,,,,,0,YES,,,,,,,,,,,,,,
Trowel_downgraded,50% to dig up a [vege]Veggie,1,if(!simulation) { if(chance(50)) { giveequipment(rand(getequipmentlist(null[;][~vege~][;][]))[;]true[;]false); } } bonus(50); sfx(~useitem~);,,NORMAL,,ORANGE,,,,,0,YES,,,,,,,,,,,,,,
Carrot,Gain [shield]2 shield[;]|deal [sword]2 damage.,1,inflictself(SHIELD|2); sfx(~_shield~|~~|0.2); attack(2); sfxdamage(target|2);,,MAX4,,ORANGE,,,,,0,,,vege,,,,,,,,,,,,inflictself(SHIELD|2); sfx(~_shield~|~~|0.2)
Carrot_upgraded,Gain [shield]2 shield[;]|deal [sword]2 damage.,1,inflictself(SHIELD|2); sfx(~_shield~|~~|0.2); attack(2); sfxdamage(target|2);,,MAX4,,ORANGE,,,,,0,,,vege,,,,,,,,,,,,inflictself(SHIELD|2); sfx(~_shield~|~~|0.2)
Potato,Gain [shield]3 shield[;]|gain [reduce]1 reduce.,1,inflictself(SHIELD| 3); sfx(~_shield~|~~|0.2); inflictself(REDUCE|1);,,ODD,,ORANGE,,,,,0,YES,,vege,,,,,,,,,,,,
Potato_upgraded,Gain [shield]3 shield[;]|gain [reduce]1 reduce.,1,inflictself(SHIELD| 3); sfx(~_shield~|~~|0.2); inflictself(REDUCE|1);,,ODD,,ORANGE,,,,,0,YES,,vege,,,,,,,,,,,,
Lettuce,Heal [heal]3 hp[;]|deal [sword]2 damage.,1,attackself(-3); sfx(~_heal~); attack(2); sfxdamage(target|2);,,EVEN,,GREEN,,,,,0,,,vege,,,,,,,,,,,,attackself(-3); sfx(~_heal~);
Cucumber,Heal [heal]2 hp[;]|inflict [ice]1 Freeze,1,attackself(-2); sfx(~_heal~); inflict(ICE); sfx(~_ice~|~~|0.2);,,NORMAL,,GREEN,,,,,0,,,vege,,,,,,,,,,,,attackself(-2); sfx(~_heal~);
Eggplant,Inflict [shock]1 shock.|Deal [sword]2 damage.,1,inflict(SHOCK|1); sfx(~_shock~|~~|0.2); attack(2); sfxdamage(target|2);,,EVEN,,PURPLE,,,,,0,,,vege,,,,,,,,,,,,
Garlic,Inflict [weaken]1 weaken.|Deal [sword]2 damage,1,inflict(WEAKEN|1); sfx(~_weaken~|~~|0.2); attack(2); sfxdamage(target|2);,,ODD,,YELLOW,,,,,0,,,vege,,,,,,,,,,,,
Radish,Deal [sword]4 damage,1,attack(4); sfxdamage(target|4);,,ODD,,PINK,,,,,0,,,vege,,,,,,,,,,,,
Tomato,Heal [heal]8 hp|Inflict [fury]1 Fury,1,attackself(-8); sfx(~_heal~); inflict(FURY|1); sfx(~_fury~|~~|0.2),,NORMAL,,RED,,,,,0,,,vege,,,,,,,,,,,,attackself(-8); sfx(~_heal~);
Pepper,Deal [fire]2 damage|[fire]: +1 per status on enemy.,1,var dm = 2+getstatus(ALL); attack(dm| FIRE); sfx(~_fire~|~~|0.2); sfxdamage(target| dm);,,NORMAL,,RED,,,,,0,,,vege,,,,,,,,,,,,
Cauliflower,Deal [sword]2 damage|In a turn[;] do it again.,1,attack(2); sfxdamage(target|2); jinx(~Cauliflower~|~do [sword]2 damage~|~do [sword]2 damage~|~attack(2); sfxdamage(null|2);~|self|target|1|1);  sfx(~_thinghappens~);,,MIN3,,WHITE,,,,,0,,,vege,,,,,,,,,,,,
Broccoli,Gain [reduce]2 reduce[;]|heal [heal]1 hp,1,inflictself(REDUCE| 2); sfx(~_shield~); attackself(-1); sfx(~_heal~|~~|0.2);,,ODD,,GREEN,,,,,0,YES,,vege,,,,,,,,,,,,
Kale,Heal [heal]5 hp,1,attackself(-5); sfx(~_heal~);,,EVEN,,GREEN,,,,,0,YES,,vege,,,,,,,,,,,,
Green Peas,Do [sword]2 damage.|[gray](Reuseable),1,attack(2); sfxdamage(target|2);,,NORMAL,,GREEN,,,,,3,,,vege,,,,,,,,,,,,
Mushroom,Do [sword]1 damage.|In a turn[;] do [sword]3 dmg.,1,attack(1); sfxdamage(target|1); jinx(~Mushroom~|~do [sword]3 damage~|~do [sword]3 damage~|~attack(3); sfxdamage(null|3);~|self|target|1|1);  sfx(~_thinghappens~);,,MAX3,,WHITE,,,,,0,,,vege,,,,,,,,,,,,
Avocado,Heal [heal]2 hp.|In a turn[;] gain [shield]2 shield.,1,attackself(-2); sfx(~_heal~); jinx(~Avocado~|~gain [shield]2 shield~|~Gain [shield]2 shield~|~inflictself(SHIELD|2); sfx(\~_shield\~);~|self|self|1|1);  sfx(~_thinghappens~);,,COUNTDOWN,4,GREEN,,,,,0,YES,,vege,,,,,,,,,,,,
Chili,Deal [sword]2 damage[;]|inflict [fire]1 Burn,1,attack(2); sfxdamage(target|2); inflict(FIRE|1); sfx(~_fire~|~~|0.2);,,EVEN,,RED,,,,,0,,,vege,,,,,,,,,,,,
Onion,Inflict [weaken]1 Weaken.|In a turn[;] inflict [shock]1 shock.,1,inflict(WEAKEN| 1); sfx(~_weaken~); jinx(~Onion~|~inflict [shock]1 shock~|~Inflict [shock]1 shock~|~inflictself(SHOCK|1); sfx(\~_shock\~);~|self|target|1|1);  sfx(~_thinghappens~);,,ODD,,YELLOW,,,,,0,,,vege,,,,,,,,,,,,
Pumpkin,Gain [shield]5 shield|in a turn.,1,jinx(~Pumpkin~|~gain [shield]5 shield~|~Gain [shield]5 shield~|~inflictself(SHIELD|5); sfx(\~_shield\~);~|self|self|1|1);  sfx(~_thinghappens~);,,ODD,,ORANGE,,,,,0,YES,,vege,,,,,,,,,,,,
Pyro,Do [fire]3 damage.|[fire]: +1 per status on enemy.,1,var dm = 3+getstatus(ALL); attack(dm| FIRE); sfx(~_fire~|~~|0.2); sfxdamage(target| dm);,,COUNTDOWN,5,RED,change_power,change_power,,,0,,,,,,,,,,,,,,,
Pyro_upgraded,Do [fire]4 damage.|[fire]: +1 per status on enemy.,1,var dm = 4+getstatus(ALL); attack(dm| FIRE); sfx(~_fire~|~~|0.2); sfxdamage(target| dm);,,COUNTDOWN,5,RED,,,,,0,,,,,,,,,,,,,,,
Pyro_downgraded,Do [fire]2 damage.|[fire]: +1 per status on enemy.,1,var dm = 2+getstatus(ALL); attack(dm| FIRE); sfx(~_fire~|~~|0.2); sfxdamage(target| dm);,,COUNTDOWN,5,RED,,,,,0,,,,,,,,,,,,,,,
Inflame,Inflict [fire]1 Burn.,1,inflict(FIRE|1); sfx(~_fire~);,,EVEN,,RED,simplify,complicate,,,0,,,,,,,,,,,,,,,
Aloe Vera,Do [heal]<d6> damage.|[heal]: Heal for half,2,attack(d); sfxdamage(target[;] d); attackself(-(d/2)); sfx(~_heal~);,,EVEN,,GREEN,simplify,complicate,,,0,,,,,,,,,,,,,,,
Tree Sap,Inflict [lock]1 Lock.,1,inflict(LOCK|1); sfx(~_lock~);,,COUNTDOWN,9,ORANGE,change_power,change_power,,,0,,,,,,,,,,,,,,,
Tree Sap_upgraded,Inflict [lock]1 Lock.,1,inflict(LOCK|1); sfx(~_lock~);,,COUNTDOWN,6,ORANGE,,change_power,,,0,,,,,,,,,,,,,,,
Tree Sap_downgraded,Inflict [weaken]1 Weaken.,1,inflict(WEAKEN|1); sfx(~_weaken~);,,COUNTDOWN,9,ORANGE,,,,,0,,,,,,,,,,,,,,,
Tree Sap_weakened,Inflict [weaken]1 Weaken.,1,inflict(WEAKEN|1); sfx(~_weaken~);,,COUNTDOWN,6,ORANGE,,,,,0,,,,,,,,,,,,,,,
Mirror Blade,,1,,,,,,,,,,,,,,,,,,,,,,,,,
Glass Shard,Gain a random mirror|item[;] do [sword]1 damage.,1,,,COUNTDOWN,5,BRIGHTCYAN,,,,,,,,,,,,,,,,,,,,
Broken Shield,,1,,,,,,,,,,,,,,,,,,,,,,,,,
Mirror Shield,,1,,,,,,,,,,,,,,,,,,,,,,,,,
Mirror Blast,,1,,,,,,,,,,,,,,,,,,,,,,,,,
Enchanted Mirror,,1,,,,,,,,,,,,,,,,,,,,,,,,,
Rainbow Prism,,1,,,,,,,,,,,,,,,,,,,,,,,,,
Blur,Inflict [blind]3 blind.,1,inflict(BLIND|3); sfx(~_blind~);,,COUNTDOWN,6,PURPLE,,,,,0,,,,,,,,,,,,,,,
Blur_upgraded,Inflict [blind]3 blind.,1,inflict(BLIND|3); sfx(~_blind~);,,COUNTDOWN,3,PURPLE,,,,,0,,,,,,,,,,,,,,,
Blur_downgraded,Inflict [blind]1 blind.,1,inflict(BLIND|1); sfx(~_blind~);,,COUNTDOWN,6,PURPLE,,,,,0,,,,,,,,,,,,,,,
Slap,Do [sword]3 damage|[gray](Reuseable),2,attack(3); sfxdamage(target|3);,,NORMAL,,PURPLE,change_power,change_power,,,3,,,,,,,,,,,,,,,
Slap_upgraded,Do [sword]4 damage|[gray](Reuseable),2,attack(4); sfxdamage(target|4);,,NORMAL,,PURPLE,,,,,3,,,,,,,,,,,,,,,
Slap_downgraded,Do [sword]3 damage|[gray](Reuseable),2,attack(3); sfxdamage(target|3);,,NORMAL,,PURPLE,,,,,2,,,,,,,,,,,,,,,
Sleight of Hand,Steal an opponent's equipment|this turn,2,if(!simulation){ if(target != null) { var enemyequipment = []; for (eq in target.equipment){ if(!eq.hastag(~cannotsteal~) && eq.availablenextturn){ if(eq.hastag(~mastery~)) { enemyequipment.push(eq.name.split(~@~)[0] + ~@Sticky Hands~); } else { enemyequipment.push(eq); } } } if(enemyequipment.length > 0){ var randomequipment = rand(enemyequipment); randomequipment.availablenextturn = false; randomequipment.unavailabletext = ~Yoinked!~; randomequipment.unavailabledetails = [~I've borrowed this.~|~Signed[;] {enemyname}~]; giveequipment(randomequipment.name + randomequipment.namemodifier); }}} else { bonus(1000 + (self.dicepool.length * 500)); },,COUNTDOWN,5,YELLOW,,,,,,,,excludefromrandomlists,,,,,,,,,,,,
Training Sword@Sticky Hands,Do [cog]<d6>-1  damage[;]|[cog]Sticky Hands: Steal [gold]1 gold,2,attack(d-1); sfxdamage(target[;] d-1); bonus(1000); self.gold += 1; target.gold -= 1; if(target.gold < 0) target.gold = 0; screenshake(); sfx(~_thinghappens~);,,NORMAL,,YELLOW,,,,,0,,,showgold|excludefromrandomlists,,,,,,,,,,,,
Pew Pew Pew@Sticky Hands,Deal [cog]3 damage|[cog]Sticky Hands: Steal [gold]1 gold|[gray](Reuseable),1,attack(3); sfxdamage(target|3); givedice(); bonus(1000); self.gold += 1; target.gold -= 1; if(target.gold < 0) target.gold = 0; screenshake(); sfx(~_thinghappens~);,,MIN3,,RED,,,,,3,,,showgold|excludefromrandomlists,,,,,,,,,,,,givedice();
Magic Hat,Copy the dice[;]|then reroll,1,givedice([d|rand([1|2|3|4|5|6])]);,,MAX4,,PURPLE,simplify,decreaserange,,,0,YES,,,,,,,,,,,,,,
Spellbook,Gain a random spell[;]|return the dice,1,giveequipment(rand(getequipmentlist(null[;][~atspell~][;][]))[;]true[;]false); sfx(~_magic~); givedice(d); delay(0.5);,,NORMAL,,EVEN,simplify,complicate,,,0,,,,,,,,,,,,,,,
Flario,Do [sword]5 damage[;]|inflict [fire]2 burn|[80%][gray](Once per combat),1,attack(5); sfxdamage(target|5); inflict(FIRE|2); sfx(~_fire~); bonus(500);,,REQUIRE2,,RED,simplify,complicate,,,,,YES,atspell,,,,,,,,,,,,
Glacious,Do [sword]4 damage[;]|inflict [ice]3 freeze|[80%][gray](Once per combat),1,attack(4); sfxdamage(target|4); inflict(ICE|3); sfx(~_ice~); bonus(500);,,REQUIRE1,,BRIGHTCYAN,simplify,complicate,,,,,YES,atspell,,,,,,,,,,,,
Venteus,Do [sword]5 damage[;]|roll 2 dice|[80%][gray](Once per combat),1,attack(5); sfxdamage(target|5); givedice([rand([1|2|3|4|5|6])|rand([1|2|3|4|5|6])]); bonus(500);,,REQUIRE3,,GREEN,simplify,complicate,,,,,YES,atspell,,,,,,,,,,,,
Atteran,Do [sword]5 damage[;]|inflict [weaken]2 weaken|[80%][gray](Once per combat),1,attack(5); sfxdamage(target|5); inflict(WEAKEN|2); sfx(~_weaken~); bonus(500);,,REQUIRE4,,ORANGE,simplify,complicate,,,,,YES,atspell,,,,,,,,,,,,
Necrosis,Do [sword]4 damage[;]|inflict [poison]3 poison|[80%][gray](Once per combat),1,attack(4); sfxdamage(target|4); inflict(POISON|3); sfx(~_poison~); bonus(500);,,REQUIRE5,,PURPLE,simplify,complicate,,,,,YES,atspell,,,,,,,,,,,,
Luxum,Do [sword]5 damage[;]|gain [dice]illuminate|[80%][gray](Once per combat),1,attack(5); sfxdamage(target|5); inflictself(~stash~+d|1); inflictself(~illuminate~); bonus(500);,,REQUIRE6,,YELLOW,simplify,complicate,,,,,YES,atspell,,,,,,,,,,,,
Tenebrus,Do [sword]5 damage[;]|inflict [blind]3 blind|[80%][gray](Once per combat),1,attack(5); sfxdamage(target|5); inflict(BLIND|3); sfx(~_blind~); bonus(500);,,REQUIRE2,,GRAY,simplify,complicate,,,,,YES,atspell,,,,,,,,,,,,
Visal,Do [sword]4 damage[;]|inflict [lock]1 lock|[80%][gray](Once per combat),1,attack(4); sfxdamage(target|4); inflict(LOCK); sfx(~_lock~); bonus(500);,,REQUIRE1,,PINK,simplify,complicate,,,,,YES,atspell,,,,,,,,,,,,
Vitasun,Do [sword]3 damage[;]|heal [heal]5 health|[80%][gray](Once per combat),1,attack(3); sfxdamage(target|3); attackself(-5); sfx(~_heal~); bonus(500);,,REQUIRE3,,GREEN,simplify,complicate,,,,,YES,atspell,,,,,,,,,,,,
Menersus,Do [sword]5 damage[;]|inflict [haunted]3 haunted|[80%][gray](Once per combat),1,attack(5); sfxdamage(target|5); inflict(HAUNTED|3); sfx(~_curse~); bonus(500);,,REQUIRE4,,PURPLE,simplify,complicate,,,,,YES,atspell,,,,,,,,,,,,
Aquaneus,Do [sword]5 damage[;]|inflict [vanish]2 fade|[80%][gray](Once per combat),1,attack(5); sfxdamage(target|5); inflict(~fade~|2); sfx(~_vanish~); bonus(500);,,REQUIRE5,,PINK,simplify,complicate,,,,,YES,atspell,,,,,,,,,,,,
Aegerum,Do [sword]5 damage[;]|inflict [star]Confuse|[80%][gray](Once per combat),1,attack(5); sfxdamage(target|5); inflict(CONFUSE); sfx(~_magic~); bonus(500);,,REQUIRE6,,GRAY,simplify,complicate,,,,,YES,atspell,,,,,,,,,,,,
Tonitrus,Do [sword]5 damage[;]|inflict [shock]2 shock|[80%][gray](Once per combat),1,attack(5); sfxdamage(target|5); inflict(SHOCK|2); sfx(~_shock~); bonus(500);,,REQUIRE4,,YELLOW,simplify,complicate,,,,,YES,atspell,,,,,,,,,,,,
Buried Treasure,Gain a powerful gem...,2,giveequipment(~Chaos Emerald~|true|false|e); sfx(~useitem~);,,COUNTDOWN,30,YELLOW,change_power,noeffect,,,,YES,,,,,,,,,,,,,,
Buried Treasure_upgraded,Gain an even more|powerful gem...,2,giveequipment(~Chaos Emerald+~|true|false|e); sfx(~useitem~);,,COUNTDOWN,30,YELLOW,,,,,,YES,,,,,,,,,,,,,,
Map,Roll 3 dice.|[gray](Once per combat),1,givedice([rand([1|2|3|4|5|6])|rand([1|2|3|4|5|6])|rand([1|2|3|4|5|6])]);,,EVEN,,YELLOW,change_power,complicate,,,,YES,YES,,,,,,,,,,,,,
Map_upgraded,Roll 4 dice.|[gray](Once per combat),1,givedice([rand([1|2|3|4|5|6])|rand([1|2|3|4|5|6])|rand([1|2|3|4|5|6])]);,,EVEN,,YELLOW,,,,,,YES,YES,,,,,,,,,,,,,
Cannon,Do [sword]4 damage[;]|inflict [fire]1 fire.,1,attack(4); sfxdamage(target|4); inflict(FIRE| 1); sfx(~_fire~);,,ODD,,RED,change_power,change_power,,,,,,,,,,,,,,,,,,
Cannon_upgraded,Do [sword]4 damage[;]|inflict [fire]2 fire.,1,attack(4); sfxdamage(target|4); inflict(FIRE| 2); sfx(~_fire~);,,ODD,,RED,,,,,,,,,,,,,,,,,,,,
Cannon_downgrade,Do [sword]4 damage,1,attack(4); sfxdamage(target|4);,,ODD,,RED,,,,,,,,,,,,,,,,,,,,
Chaos Emerald,Do [sword]10 damage,2,attack(10); sfxdamage(target|10);,,NORMAL,,GREEN,change_power,change_power,,,,,,,,,,,,,,,,,,
Chaos Emerald_upgraded,Do [sword]12 damage,2,attack(12); sfxdamage(target|12);,,NORMAL,,GREEN,,,,,,,,,,,,,,,,,,,,
Chaos Emerald_downgraded,Do [sword]7 damage,2,attack(7); sfxdamage(target|7); ,,NORMAL,,GREEN,,,,,,,,,,,,,,,,,,,,
Cough Drop,Reduce all countdowns|by 3[;] heal [heal]3,1,boostcountdowns(2); sfx(~useitem~); attackself(-3); sfx(~_heal~);,,EVEN,,GREEN,simplify,complicate,,,,YES,,,,,,,,,,,,,,
Achoo!,Inflict [poison]1 poison.,1,inflict(POISON|1); sfx(~_poison~);,,COUNTDOWN,6,PURPLE,change_power,change_power,,,,,,,,,,,,,,,,,,
Achoo!_upgraded,Inflict [poison]2 poison.,1,inflict(POISON|2); sfx(~_poison~);,,COUNTDOWN,6,PURPLE,,,,,,,,,,,,,,,,,,,,
Achoo!_downgraded,Do [sword]1 damage.,1,attack(1); sfxdamage(target|1); ,,COUNTDOWN,6,PURPLE,,,,,,,,,,,,,,,,,,,,
Entrapment,Gain [trap]3 trap.,2,inflictself(~trap~| 3); sfx(~useitem~);,,EVEN,,GRAY,change_power,change_power,,,,YES,,,,,,,,,,,,,,
Entrapment_upgraded,Gain [trap]4 trap.,2,inflictself(~trap~| 4); sfx(~useitem~);,,EVEN,,GRAY,,,,,,YES,,,,,,,,,,,,,,
Entrapment_downgraded,Gain [trap]3 trap.,2,inflictself(~trap~| 3); sfx(~useitem~);,,REQUIRE4,,GRAY,,,,,,YES,,,,,,,,,,,,,,
Chomp,Deal [sword]6 damage,2,attack(6); sfxdamage(target|6);,,COUNTDOWN,12,RED,change_power,change_power,,,,,,,,,,,,,,,,,,
Chomp_upgraded,Deal [sword]9 damage,2,attack(9); sfxdamage(target|9);,,COUNTDOWN,12,RED,,,,,,,,,,,,,,,,,,,,
Chomp_downgraded,Deal [sword]4 damage,2,attack(4); sfxdamage(target|4);,,COUNTDOWN,12,RED,,,,,,,,,,,,,,,,,,,,
Ear Jack,Inflict [shock]1 shock[;]|Do [shock]2 damage|[shock]: Lose <d6>/2 hp.,1,inflict(SHOCK|1); sfx(~_shock~); attack(2|SHOCK); sfxdamage(target|2); pierceattackself(d/2); sfxdamage(self|d/2);,,MAX4,,YELLOW,change_power,change_power,,,,,,,,,,,,,,,,,,
Ear Jack_upgraded,Inflict [shock]2 shock[;]|Do [shock]2 damage|[shock]: Lose <d6>/2 hp.,1,inflict(SHOCK|2); sfx(~_shock~); attack(2|SHOCK); sfxdamage(target|2); pierceattackself(d/2); sfxdamage(self|d/2);,,MAX4,,YELLOW,,,,,,,,,,,,,,,,,,,,
Ear Jack_downgraded,Do [shock]2 damage|[shock]: Lose X hp.,1,attack(2|SHOCK); sfxdamage(target|2); attackself(2); sfxdamage(self|2);,,MAX4,,YELLOW,,,,,,,,,,,,,,,,,,,,
Amplifier,Inflict [weaken]1 weaken[;]|Do [weaken]3 damage|[weaken]: Half without [weaken]Weak,1,inflict(WEAKEN|1); sfx(~_weaken~); attack(3|WEAKEN); sfxdamage(target|3); ,,RANGE25,,ORANGE,change_power,change_power,,,,,,,,,,,,,,,,,,
Amplifier_upgraded,Inflict [weaken]2 weaken[;]|Do [weaken]3 damage|[weaken]: Half without [weaken]Weak,1,inflict(WEAKEN|2); sfx(~_weaken~); attack(3|WEAKEN); sfxdamage(target|3); ,,RANGE25,,ORANGE,,,,,,,,,,,,,,,,,,,,
Amplifier_downgraded,Do [weaken]3 damage|[weaken]: Half without [weaken]Weak,1,attack(3/2|WEAKEN); sfxdamage(target|3); ,,RANGE25,,ORANGE,,,,,,,,,,,,,,,,,,,,
Hot Chocolate,Heal [heal]<d6> health[;]|Inflict [fire]1 burn.,1,attackself(-d); sfx(~_heal~); inflict(FIRE| 1); sfx(~_fire~);,,MAX3,,RED,increaserange,decreaserange,,,,YES,,,,,,,,,,,,,,
Marshmallow,Do [ice]<d6> damage[;]|Inflict [ice]1 freeze.|[ice]: Flip the value.,1,attack(7-d); sfxdamage(target|7-d); inflict(ICE|1); sfx(~_ice~);,,ODD,,BRIGHTCYAN,simplify,change_power,,,,,,,,,,,,,,,,,,
Marshmallow_downgraded,Do [ice]<d6> damage[;]|Inflict [ice]1 freeze.|[ice]: Flip the value.,1,attack(7-d); sfxdamage(target|7-d); inflict(ICE|1); sfx(~_ice~);,,REQUIRE1,,BRIGHTCYAN,,,,,,,,,,,,,,,,,,,,
Brewery,Heal [heal]4|Inflict a random status,1,var dm = -4; attack(dm); sfx(~_heal~); var randstatus = rand([BLIND|FIRE|WEAKEN|SHOCK|POISON]); inflict(randstatus|1); sfxdamage(target|dm); sfx(~_~ + randstatus.toLowerCase()|~~|0.2);,,COUNTDOWN,5,GREEN,change_power,change_power,,,,,,,,,,,,,,,,,,
Brewery_upgraded,Heal [heal]4|Inflict 2x random status,1,var dm = -4; attack(dm); sfx(~_heal~); var randstatus = rand([BLIND|FIRE|WEAKEN|SHOCK|POISON]); inflict(randstatus|2); sfxdamage(target|dm); sfx(~_~ + randstatus.toLowerCase()|~~|0.2);,,COUNTDOWN,5,GREEN,,,,,,,,,,,,,,,,,,,,
Brewery_downgraded,Heal [heal]2|Inflict a random status,1,var dm = -2; attack(dm); sfx(~_heal~); var randstatus = rand([BLIND|FIRE|WEAKEN|SHOCK|POISON]); inflict(randstatus|1); sfxdamage(target|dm); sfx(~_~ + randstatus.toLowerCase()|~~|0.2);,,COUNTDOWN,5,GREEN,,,,,,,,,,,,,,,,,,,,
Glass Vial,Do [sword]2 damage.|[gray](Reuseable),1,attack(2); sfxdamage(target|2);,,EVEN,,RED,change_power,change_power,,,-1,,,,,,,,,,,,,,,
Glass Vial_upgraded,Do [sword]3 damage.|[gray](Reuseable),1,attack(3); sfxdamage(target|3);,,EVEN,,RED,,,,,-1,,,,,,,,,,,,,,,
Glass Vial_downgraded,Do [sword]2 damage.|[gray](Reuseable),1,attack(2); sfxdamage(target|2);,,REQUIRE2,,RED,,,,,-1,,,,,,,,,,,,,,,
Obsidian Dagger,Do [sword]<double> damage.|[gray](Reuseable),1,var dm = d*2; attack(dm); sfxdamage(target|dm); ,,MAX2,,PURPLE,increaserange,removereuseable,,,3,,,,,,,,,,,,,,,
Camera,Reroll this dice[;]|Inflict [lock]1 Lock,1,givedice(); inflict(LOCK|1); sfx(~_lock~);,,REQUIRE4,,YELLOW,change_power,change_power,,,,,,,,,,,,,,,,,,
Camera_upgraded,Reroll this dice[;]|Inflict [lock]1 Lock,1,givedice(); inflict(LOCK|1); sfx(~_lock~);,,RANGE45,,YELLOW,,,,,,,,,,,,,,,,,,,,
Camera_downgraded,Inflict [lock]1 Lock,1,inflict(LOCK|1); sfx(~_lock~);,,REQUIRE4,,YELLOW,,,,,,,,,,,,,,,,,,,,
Watergun,Do [ice]1 dmg + [ice]1 freeze|[ice]: +1 if enemy has [freeze]Freeze|[gray](Reuseable),1,if(getstatus(ICE) > 0) { attack(3|ICE); sfxdamage(target|3); sfx(~_ice~); inflict(ICE|1); } else { attack(1|ICE); sfxdamage(target|1); sfx(~_ice~); inflict(ICE|1); },,COUNTDOWN,5,BRIGHTCYAN,change_power,change_power,,,-1,,,,,,,,,,,,,,,
Watergun_upgraded,Do [ice]2 dmg + [ice]1 freeze|[ice]: +1 if enemy has [freeze]Freeze|[gray](Reuseable),1,if(getstatus(ICE) > 0) { attack(4|ICE); sfxdamage(target|4); sfx(~_ice~); inflict(ICE|1); } else { attack(2|ICE); sfxdamage(target|2); sfx(~_ice~); inflict(ICE|1); },,COUNTDOWN,5,BRIGHTCYAN,,,,,-1,,,,,,,,,,,,,,,
Watergun_downgraded,Do [ice]1 damage|[ice]: +1 if enemy has [freeze]Freeze|[gray](Reuseable),1,if(getstatus(ICE) > 0) { attack(3|ICE); sfxdamage(target|3); sfx(~_ice~); } else { attack(1|ICE); sfxdamage(target|1); sfx(~_ice~); },,COUNTDOWN,5,BRIGHTCYAN,,,,,-1,,,,,,,,,,,,,,,
Holyblade,Do [sword]10 damage|Can kill [curse]Vampires.,2,if(target.hp <= 10 && getstatus(VAMPIRE) > 0) { removestatus(VAMPIRE| ALL); attack(target.hp); sfxdamage(target|10); } else{ attack(10); sfxdamage(target|10); target.textparticle(~No effect!~); },,NORMAL|NORMAL|NORMAL|NORMAL,,YELLOW,,,,,,,,,,,,,,,,,,,,
Smores,Heal [heal]3 hp[;] gain [shield]2 shield|On 5[;] gain [fury]Fury instead,1,if(d == 5) inflictself(FURY); else { attackself(-3); inflictself(SHIELD[;] 2); bonus(100); sfx(~_heal~); sfx(~_shield~); } if(d == 5) bonus(300); if(d == 5) sfx(~_fury~);,,RANGE35,,ORANGE,change_power,change_power,,,0,YES,NO,,1,,,,,,,,,,e.preventdefault = true; e.maintainfury = true;,
Smores_upgraded,Heal [heal]3 hp[;] gain [shield]2 shield|On 5[;] gain [fury]Fury as well,1,if(d == 5) inflictself(FURY); attackself(-3); inflictself(SHIELD[;] 2); sfx(~_heal~); sfx(~_shield~); if(d == 5) bonus(300); if(d == 5) sfx(~_fury~);,,RANGE35,,ORANGE,,,,,0,YES,NO,,1,,,,,,,,,,e.preventdefault = true; e.maintainfury = true;,
Smores_downgraded,Heal [heal]2 hp[;] gain [shield]1 shield,1,attackself(-2); inflictself(SHIELD[;] 1); sfx(~_heal~); sfx(~_shield~); bonus(-500);,,RANGE35,,ORANGE,,,,,0,YES,NO,,1,,,,,,,,,,e.preventdefault = true; e.maintainfury = true;,
Ladder,Flip the dice[;] then +1 |value to the result,1,var ladder = 7-d; givedice((ladder + 1)); var sfx = rand([1[;]2[;]3[;]4]); sfx(~diceroll~ + sfx);,,MAX3,,ORANGE,change_power,change_power,,,0,YES,NO,,1,,,,,,,,,,,
Ladder_upgraded,Flip the dice[;] then +1 |value to the result|,1,var ladder = 7-d; givedice((ladder + 1)); var sfx = rand([1[;]2[;]3[;]4]); sfx(~diceroll~ + sfx);,,MAX3,,ORANGE,,,,,2,YES,NO,,1,,,,,,,,,,,
Ladder_downgraded,Flip the dice[;] then +1 |value to the result,1,var ladder = 7-d; givedice((ladder + 1)); var sfx = rand([1[;]2[;]3[;]4]); sfx(~diceroll~ + sfx);,,RANGE23,,ORANGE,,,,,0,YES,NO,,1,,,,,,,,,,,
Chute,Flip the dice[;] but give|two copies of the result,1,var chute = 7-d; givedice(chute); givedice(chute); var sfx = rand([1[;]2[;]3[;]4]); sfx(~diceroll~ + sfx);,,MIN4,,GREEN,change_power,change_power,,,0,YES,NO,,1,,,,,,,,,,,
Chute_upgraded,Flip the dice[;] but give|two copies of the result|,1,var chute = 7-d; givedice(chute); givedice(chute); var sfx = rand([1[;]2[;]3[;]4]); sfx(~diceroll~ + sfx);,,MIN4,,GREEN,,,,,2,YES,NO,,1,,,,,,,,,,,
Chute_downgraded,Flip the dice[;] but give|two copies of the result,1,var chute = 7-d; givedice(chute); givedice(chute); var sfx = rand([1[;]2[;]3[;]4]); sfx(~diceroll~ + sfx);,,REQUIRE6,,GREEN,,,,,0,YES,NO,,1,,,,,,,,,,,
Buff,Double value if less than 4[;]|+1 if greater than 3,1,if(d > 3) { if(d == 6) { givedice([6|1]); } else { givedice(d+1); } } else if (d < 4) { givedice(d*2); },,RANGE25,,GREEN,simplify,change_power,,,,YES,,,,,,,,,,,,,,
Buff_downgraded,Double value if less than 4[;]|+1 if greater than 3,1,if(d > 3) { if(d == 6) { givedice([6|1]); } else { givedice(d+1); } } else if (d < 4) { givedice(d*2); },,RANGE34,,GREEN,,,,,,YES,,,,,,,,,,,,,,
Bellydrum,Lose [heart]10 hp|Gain [fury]1 fury,1,pierceattackself(10); sfxdamage(self|10); inflictself(FURY|1); sfx(~_fury~);,,MIN4,,RED,change_power,decreaserange,,,,YES,,,,,,,,,,,,,,
Bellydrum_downgraded,Lose [heart]10 hp|Gain [fury]2 fury,1,pierceattackself(10); sfxdamage(self|10); inflictself(FURY|2); sfx(~_fury~);,,MIN4,,RED,,,,,,YES,,,,,,,,,,,,,,
Shotgun,Do [sword]2-7 damage twice|[gray](Reuseable),2,var dm = rand([2|3|4|5|6|7]); var da = rand([2|3|4|5|6|7]); attack(dm); attack(da); sfxdamage(target|dm+da);,,MIN4|MIN4,,RED,reducesize,decreaserange,,,,,,,2,,,,,,,,,,,
All Out Attack,Do [sword]7 damage.|Enter [sword]Attack Stance|[gray](Once per combat),1,attack(7); sfxdamage(target|7); if(getstatusself(~atksta~) == 0) { inflictself(~atksta~[;] 1); sfx(~useitem~);},,COUNTDOWN,10,RED,change_power,change_power,,,,,YES,,atksta,,,,,,,,,,,
All Out Attack_upgraded,Do [sword]7 damage.|Enter [sword]Attack Stance|[gray](Once per combat),1,attack(7); sfxdamage(target|7); if(getstatusself(~atksta~) == 0) { inflictself(~atksta~[;] 1); sfx(~useitem~);},,COUNTDOWN,7,RED,,change_power,,,,,YES,,atksta,,,,,,,,,,,
All Out Attack_downgraded,Do [sword]5 damage.|Enter [sword]Attack Stance|[gray](Once per combat),1,attack(5); sfxdamage(target|5); if(getstatusself(~atksta~) == 0) { inflictself(~atksta~[;] 1); sfx(~useitem~);},,COUNTDOWN,10,RED,,,,,,,YES,,atksta,,,,,,,,,,,
All Out Attack_weakened,Do [sword]5 damage.|Enter [sword]Attack Stance|[gray](Once per combat),1,attack(5); sfxdamage(target|5); if(getstatusself(~atksta~) == 0) { inflictself(~atksta~[;] 1); sfx(~useitem~);},,COUNTDOWN,7,RED,,,,,,,YES,,atksta,,,,,,,,,,,
Strategic Defense,Gain [shield]5 shield.|Enter [shield]Defense Stance|[gray](Once per combat),1,inflictself(SHIELD[;] 5); sfx(~_shield~); if(getstatusself(~defsta~) == 0) inflictself(~defsta~[;] 1);,,COUNTDOWN,10,ORANGE,change_power,change_power,,,,YES,YES,,defsta,,,,,,,,,,,
Strategic Defense_upgraded,Gain [shield]5 shield.|Enter [shield]Defense Stance|[gray](Once per combat),1,inflictself(SHIELD[;] 5); sfx(~_shield~); if(getstatusself(~defsta~) == 0) inflictself(~defsta~[;] 1);,,COUNTDOWN,10,ORANGE,,change_power,,,,YES,YES,,defsta,,,,,,,,,,,
Strategic Defense_downgraded,Gain [shield]3 shield.|Enter [shield]Defense Stance|[gray](Once per combat),1,inflictself(SHIELD[;] 3); sfx(~_shield~); if(getstatusself(~defsta~) == 0) inflictself(~defsta~[;] 1);,,COUNTDOWN,7,ORANGE,,,,,,YES,YES,,defsta,,,,,,,,,,,
Strategic Defense_weakened,Gain [shield]3 shield.|Enter [shield]Defense Stance|[gray](Once per combat),1,inflictself(SHIELD[;] 3); sfx(~_shield~); if(getstatusself(~defsta~) == 0) inflictself(~defsta~[;] 1);,,COUNTDOWN,7,ORANGE,,,,,,YES,YES,,defsta,,,,,,,,,,,
Blind Rage,Gain [fury]1 Fury|Enter [fury]Rage Stance|[gray](Once per combat),2,inflictself(FURY| 1); sfx(~_fury~); if(getstatusself(~rage~) == 0) inflictself(~rage~);,,COUNTDOWN,15,RED,reducesize,change_power,,,,YES,YES,,ragesta,,,,,,,,,,e.preventdefault = true; e.maintainfury = true;,
Blind Rage_downgraded,Enter [fury]Rage Stance|[gray](Once per combat),2,if(getstatusself(~rage~) == 0) inflictself(~rage~);,,COUNTDOWN,15,RED,,,,,,YES,YES,,ragesta,,,,,,,,,,e.preventdefault = true; e.maintainfury = true;,
Nailgun,Do [sword]2 damage. On third|use[;] inflict [lock]1 lock|[gray](Reuseable),1,attack(2); sfxdamage(target|2); if(e.getvar(~nail~) < 3 { e.setvar(~nail~| e.getvar(~nail~) + 1); } else if(e.getvar(~nail~) == 3) { e.setvar(~nail~| 0); inflict(LOCK|1); sfx(~_lock~); },,NORMAL,,YELLOW,change_power,change_power,,,3,,,,,e.setvar(~nail~|0);,e.setvar(~nail~|0);,,e.setvar(~nail~|0);,,,e.setvar(~nail~|0);,,,,
Nailgun_upgraded,Do [sword]3 damage. On third|use[;] inflict [lock]1 lock|[gray](Reuseable),1,attack(3); sfxdamage(target|3); if(e.getvar(~nail~) < 3 { e.setvar(~nail~| e.getvar(~nail~) + 1); } else if(e.getvar(~nail~) == 3) { e.setvar(~nail~| 0); inflict(LOCK|1); sfx(~_lock~); },,NORMAL,,YELLOW,,,,,3,,,,,e.setvar(~nail~|0);,e.setvar(~nail~|0);,,e.setvar(~nail~|0);,,,e.setvar(~nail~|0);,,,,
Nailgun_downgraded,Do [sword]1 damage. On third|use[;] inflict [lock]1 lock|[gray](Reuseable),1,attack(1); sfxdamage(target|1); if(e.getvar(~nail~) < 3 { e.setvar(~nail~| e.getvar(~nail~) + 1); } else if(e.getvar(~nail~) == 3) { e.setvar(~nail~| 0); inflict(LOCK|1); sfx(~_lock~); },,NORMAL,,YELLOW,,,,,3,,,,,e.setvar(~nail~|0);,e.setvar(~nail~|0);,,e.setvar(~nail~|0);,,,e.setvar(~nail~|0);,,,,
Faulty Wire,On Odd: [shock]1 Shock[;]|On Even: Do [shock]<evendice_d6> damage|[shock]: Lose <evendice_d6>/2 hp.,1,if(d % 2 == 0) { attack(d|SHOCK); sfxdamage(target|d); pierceattackself(d/2); sfxdamage(self|d/2); } else { inflict(SHOCK|1); sfx(~_shock~); },,NORMAL,,YELLOW,change_power,change_power,,,,,,,,,,,,,,,,,,
Faulty Wire_upgraded,On Odd: [shock]2 Shock[;]|On Even: Do [shock]<evendice_d6>+1 damage|[shock]: Lose <evendice_d6>/2 hp.,1,if(d % 2 == 0) { attack(d+1|SHOCK); sfxdamage(target|d+1); pierceattackself(d/2); sfxdamage(self|d/2); } else { inflict(SHOCK|2); sfx(~_shock~); },,NORMAL,,YELLOW,,,,,,,,,,,,,,,,,,,,
Faulty Wire_downgraded,On Odd: [shock]1 Shock[;]|On Even: Do [shock]<evendice_d6> damage|[shock]: Lose <evendice_d6>/2 hp.,1,if(d % 2 == 0) { attack(d|SHOCK); sfxdamage(target|d); pierceattackself(d/2); sfxdamage(self|d/2); } else { inflict(SHOCK|1); sfx(~_shock~); },,MAX4,,YELLOW,,,,,,,,,,,,,,,,,,,,
Pandora's Box,Reroll the dice. Various effects|dependant on dice inputted,1,if(d == 1) { inflict(SHOCK|1) sfx(~_shock~); } else if (d == 2) { inflict(WEAKEN|2) sfx(~_weaken~); } else if (d== 3) { inflict (ICE|3); sfx(~_ice~); } else if (d == 4) { inflict(FIRE|4); sfx(~_fire~); } else if (d == 5) { attack(5); sfxdamage(target| 5); } else if (d==6) { inflictself(FURY); sfx(~_fury~); } givedice();,,MAX5,,PINK,increaserange,decreaserange,,,,YES,,,,,,,,,,,if(d == 5) { e.castdirection = 1; } else {e.castdirection = -1; } if(d== 6) { e.preventdefault = true; e.maintainfury = true; } else { e.preventdefault = false; e.maintainfury = false; },,,
Jumpscare,Do [sword]<d6> damage.|On Odd[;] Inflict [haunted]1 Haunted,1,attack(d); sfxdamage(target[;] d); if(d % 2 == 1) { inflict(HAUNTED|1); sfx(~_curse~); },,MIN3,,PURPLE,simplify,complicate,,,,,,,,,,,,,,,,,,
Rupture,Do [poison]<d6> damage|On 5 or 6[;] Inflict [poison]2 poison|[poison]: -1 even[;] +1 odd,2,if(d % 2 == 0) { attack(d-1|POISON); sfxdamage(target|d-1); if(d == 6) { inflict(POISON|2); sfx(~_poison~); } } else { attack(d+1|POISON); sfxdamage(target|d+1); if(d == 5) { inflict(POISON|2); sfx(~_poison~); } },,EVEN,,PURPLE,simplify,complicate,,,,,,,,,,,,,,,,,,
Ambush@Warrior,Odd: Do [cog]<odddice_d6> dmg|Even: Gain [reduce]1 Reduce||[cog]Warrior: Do 1 extra dmg,2,if(d%2 == 1){ attack(d+1); sfxdamage(target|d+1); } else { inflictself(REDUCE); sfx(~_shield~); },,RANGE25,,YELLOW,change_power,change_power,,,0,,,mastery,,,,,,,,,,,,
Ambush@Warrior_upgraded,Odd: Do [cog]<odddice_d6> dmg|Even: Gain [reduce]1 Reduce||[cog]Warrior: Do 1 extra dmg,2,if(d%2 == 1){ attack(d+1); sfxdamage(target|d+1); } else { inflictself(REDUCE); sfx(~_shield~); },,NORMAL,,YELLOW,,,,,0,,,masteryu,,,,,,,,,,,,
Ambush@Warrior_downgraded,Odd: Do [cog]<odddice_d6> dmg|Even: Gain [reduce]1 Reduce||[cog]Warrior: Do 1 extra dmg,2,if(d%2 == 1){ attack(d+1); sfxdamage(target|d+1); } else { inflictself(REDUCE); sfx(~_shield~); },,RANGE34,,YELLOW,,,,,0,,,masteryd,,,,,,,,,,,,
Ambush@WarriorM,Odd: Do [cog]<odddice_d6> dmg|Even: Gain [reduce]1 Reduce||[cog]Warrior: Do 1 extra dmg,2,if(d%2 == 1){ attack(d+2); sfxdamage(target|d+2); } else { inflictself(REDUCE); sfx(~_shield~); },,RANGE25,,YELLOW,change_power,change_power,,,0,,,,,,,,e.setvar(~ex~[;] e.x); e.setvar(~ey~[;] e.y);,,,var ex = e.getvar(~ex~); var ey = e.getvar(~ey~); var name = e.name.split(~@~)[0]; e.create(name + ~@Warrior~[;] false[;] false[;] false); e.x = ex; e.y = ey;,,,,
Ambush@WarriorM_upgrade ,Odd: Do [cog]<odddice_d6> dmg|Even: Gain [reduce]1 Reduce||[cog]Warrior: Do 1 extra dmg,2,if(d%2 == 1){ attack(d+2); sfxdamage(target|d+2); } else { inflictself(REDUCE); sfx(~_shield~); },,NORMAL,,YELLOW,,,,,0,,,,,,,,e.setvar(~ex~[;] e.x); e.setvar(~ey~[;] e.y);,,,var ex = e.getvar(~ex~); var ey = e.getvar(~ey~); var name = e.name.split(~@~)[0]; e.create(name + ~@Warrior~[;] true[;] false[;] false); e.x = ex; e.y = ey;,,,,
Ambush@WarriorM_downgraded,Odd: Do [cog]<odddice_d6> dmg|Even: Gain [reduce]1 Reduce||[cog]Warrior: Do 1 extra dmg,2,if(d%2 == 1){ attack(d+2); sfxdamage(target|d+2); } else { inflictself(REDUCE); sfx(~_shield~); },,RANGE34,,YELLOW,,,,,0,,,,,,,,e.setvar(~ex~[;] e.x); e.setvar(~ey~[;] e.y);,,,var ex = e.getvar(~ex~); var ey = e.getvar(~ey~); var name = e.name.split(~@~)[0]; e.create(name + ~@Warrior~[;] false[;] false[;] false); e.x = ex; e.y = ey;,,,,
Pike,Do [sword]<d6> damage[;]|Gain [trap]3 Trap,2,attack(d); sfxdamage(target[;] d);  inflictself(~trap~|3); sfx(~useitem~);,,REQUIRE6,,RED,simplify,change_power,,,,,,,,,,,,,,,,,,
Pike_downgraded,Do [sword]<d6> damage,2,attack(d); sfxdamage(target[;] d);,,REQUIRE6,,RED,,,,,,,,,,,,,,,,,,,,
Parry,Gain [shield]4 shield[;]and [trap]2 trap,1,inflictself(SHIELD|4); sfx(~_shield~); inflictself(~trap~|2); sfx(~useitem~);,,COUNTDOWN,9,ORANGE,change_power,change_power,,,,YES,,,,,,,,,,,,,,
Parry_upgraded,Gain [shield]4 shield[;]and [trap]3 trap,1,inflictself(SHIELD|4); sfx(~_shield~); inflictself(~trap~|3); sfx(~useitem~);,,COUNTDOWN,9,ORANGE,,,,,,YES,,,,,,,,,,,,,,
Parry_downgraded,Gain [shield]4 shield,1,inflictself(SHIELD|4); sfx(~_shield~); ,,COUNTDOWN,9,ORANGE,,,,,,YES,,,,,,,,,,,,,,
