Name,Displayed As,Symbol,Description,Stacks?,Remove at End Turn?,Remove at Start Turn?,Invisible?,Blocked by Reduce?,Script: When inflicted,Script: On any status infliction,Script: Before Start Turn,Script: On Start Turn,Script: On any equipment use,Script: On any countdown reduce,Script: End Turn,Script: After Combat,Script: On damage inflicted,Script: On damage taken,Script: On status remove
defsta,Guard Stance,shield,Entered a Defensive Position.|Has various effects,NO,YES,NO,NO,NO,var skill = self.getskillcard(); var eq; for (eq in self.equipment) { if(eq.hastag(~atksta~) # eq.hastag(~ragesta~)) { eq.availablethisturn = false; eq.unavailabletext = ~Guard Stance~; eq.unavailabledetails = [~Unable to be used this turn~]; eq.animate(~flash~); trace(~fine.~); } else if (eq.hastag(~stance~)) { var eqx = eq.x; var eqy = eq.y; eq.create(eq.name + ~@def~[;] false[;] false[;] false); eq.equipmentpanel.dispose(); eq.x = eqx; eq.y = eqy; eq.animate(~flash~); trace(~working?.~); } else if (eq.hastag(~stanceu~)) { var eqx = eq.x; var eqy = eq.y; eq.create(eq.name.split(~_~)[0] + ~@def~[;] true[;] false[;] false); eq.equipmentpanel.dispose(); eq.x = eqx; eq.y = eqy; eq.animate(~flash~); trace(~working?.~); } else if (eq.hastag(~stanced~)) { var eqx = eq.x; var eqy = eq.y; eq.create(eq.name.split(~_~)[0] + ~@def~[;] false[;] true[;] false); eq.downgrade(); eq.equipmentpanel.dispose(); eq.x = eqx; eq.y = eqy; eq.animate(~flash~); trace(~working?.~); } else if (eq.hastag(~stancew~)) { var eqx = eq.x; var eqy = eq.y; eq.create(eq.name.split(~_~)[0] + ~@def~[;] true[;] true[;] false); eq.downgrade(); eq.equipmentpanel.dispose(); eq.x = eqx; eq.y = eqy; eq.animate(~flash~); trace(~working?.~); } else if (eq.hastag(~defonly~)) { eq.availablethisturn = true; eq.animate(~flash~); } } skill.fulldescription = ~Reroll your dice[;]~ + ~#~.substr(0[;] 1) + ~and gain [shield]1 shield!~  + ~#~.substr(0[;] 1) + ~[gray](Reuseable)~; skill.animate(~flash~);,,,,,,,,,,
atksta,Attack Stance,sword,Entered a Offensive Position.|Has various effects,NO,YES,NO,NO,NO,var skill = self.getskillcard(); var s; var eq; for (eq in self.equipment) { if(eq.hastag(~defsta~) # eq.hastag(~ragesta~)) { eq.availablethisturn = false; eq.unavailabletext = ~Attack Stance~; eq.unavailabledetails = [~Unable to be used this turn~]; eq.animate(~flash~); } else if (eq.hastag(~stance~)) { var eqx = eq.x; var eqy = eq.y; eq.create(eq.name + ~@atk~[;] false[;] false[;] false); eq.equipmentpanel.dispose(); eq.x = eqx; eq.y = eqy; eq.animate(~flash~); } else if (eq.hastag(~stanceu~)) { var eqx = eq.x; var eqy = eq.y; eq.create(eq.name.split(~_~)[0] + ~@atk~[;] true[;] false[;] false); eq.equipmentpanel.dispose(); eq.x = eqx; eq.y = eqy; eq.animate(~flash~); trace(~working?.~); } else if (eq.hastag(~stanced~)) { var eqx = eq.x; var eqy = eq.y; eq.create(eq.name.split(~_~)[0] + ~@atk~[;] false[;] true[;] false); eq.downgrade(); eq.equipmentpanel.dispose(); eq.x = eqx; eq.y = eqy; eq.animate(~flash~); trace(~working?.~); } else if (eq.hastag(~stancew~)) { var eqx = eq.x; var eqy = eq.y; eq.create(eq.name.split(~_~)[0] + ~@atk~[;] true[;] true[;] false); eq.downgrade(); eq.equipmentpanel.dispose(); eq.x = eqx; eq.y = eqy; eq.animate(~flash~); trace(~working?.~); } else if (eq.hastag(~atkonly~)) { eq.availablethisturn = true; eq.animate(~flash~); } } skill.fulldescription = ~Reroll your dice[;]~ + ~#~.substr(0[;] 1) + ~and do [sword]1 damage!~  + ~#~.substr(0[;] 1) + ~[gray](Reuseable)~; skill.animate(~flash~); ,,,,,,,,,,
master,Mastery,cog,Enhances all [cog] equipment.,NO,YES,NO,NO,NO,var eq; for (eq in self.equipment) if (eq.hastag(~mastery~) && eq.ready) { var eqx = eq.x; var eqy = eq.y; eq.create(eq.name + ~M~[;] false[;] false[;] false); eq.x = eqx; eq.y = eqy; eq.animate(~flash~); } else if (eq.hastag(~masteryu~) && eq.ready) { var eqx = eq.x; var eqy = eq.y; eq.create(eq.name.split(~_~)[0] + ~M~[;] true[;] false[;] false); eq.x = eqx; eq.y = eqy; eq.animate(~flash~); } else if (eq.hastag(~masteryd~) && eq.ready) { var eqx = eq.x; var eqy = eq.y; eq.create(eq.name.split(~_~)[0] + ~M~[;] false[;] false[;] false); eq.downgrade(); eq.x = eqx; eq.y = eqy; eq.animate(~flash~); } sfx(~_thinghappens~);,,,,,,,,,,
masterweak,Mastery,cog,Enhances a [cog] equipment.,NO,YES,NO,NO,NO,var eq; var mas = []; for (eq in self.equipment) if (eq.hastag(~mastery~) # eq.hastag(~masteryu~) # eq.hastag(~masteryd~) && eq.ready) { mas.push(eq); } var eq = rand(mas); if(eq.hastag(~mastery~)) { var eqx = eq.x; var eqy = eq.y; eq.create(eq.name + ~M~[;] false[;] false[;] false); eq.x = eqx; eq.y = eqy; eq.animate(~flash~); } else if (eq.hastag(~masteryu~)) { var eqx = eq.x; var eqy = eq.y; eq.create(eq.name.split(~_~)[0] + ~M~[;] true[;] false[;] false); eq.x = eqx; eq.y = eqy; eq.animate(~flash~); } else if (eq.hastag(~masteryd~) && eq.ready) { var eqx = eq.x; var eqy = eq.y; eq.create(eq.name.split(~_~)[0] + ~M~[;] false[;] true[;] false);  eq.downgrade(); eq.x = eqx; eq.y = eqy; eq.animate(~flash~); } sfx(~_thinghappens~);,,,,,,,,,,
rage,Rage,fury,Gives powerful effects|for various equipment.,NO,YES,NO,NO,NO,removestatusself(~defsta~| 1); removestatusself(~atksta~| 1); var skill = self.getskillcard(); var s; var eq; for (eq in self.equipment) { if(eq.hastag(~defsta~) # eq.hastag(~atksta~) # eq.hastag(~defonly~) # eq.hastag(~atkonly~)) { eq.availablethisturn = false; eq.unavailabletext = ~Rage~; eq.unavailabledetails = [~Unable to be used this turn~]; eq.animate(~flash~); } else if (eq.hastag(~stance~)) { var eqx = eq.x; var eqy = eq.y; eq.create(eq.name + ~@rage~[;] false[;] false[;] false); eq.equipmentpanel.dispose(); eq.x = eqx; eq.y = eqy; eq.animate(~flash~); } else if (eq.hastag(~rageonly~)) { eq.availablethisturn = true; eq.animate(~flash~); } else if (eq.hastag(~stanceu~)) { var eqx = eq.x; var eqy = eq.y; eq.create(eq.name.split(~_~)[0] + ~@rage~[;] true[;] false[;] false); eq.x = eqx; eq.y = eqy; eq.equipmentpanel.dispose(); eq.animate(~flash~); trace(~working?.~); } else if (eq.hastag(~stances~)) { var eqx = eq.x; var eqy = eq.y; eq.create(eq.name.split(~@~)[0] + ~@rage~[;] false[;] false[;] false); eq.x = eqx; eq.y = eqy; eq.equipmentpanel.dispose(); eq.animate(~flash~); trace(~working?.~); } else if (eq.hastag(~stanced~)) { var eqx = eq.x; var eqy = eq.y; eq.create(eq.name.split(~_~)[0] + ~@rage~[;] false[;] true[;] false); eq.downgrade(); eq.equipmentpanel.dispose(); eq.x = eqx; eq.y = eqy; eq.animate(~flash~); trace(~working?.~); } else if (eq.hastag(~stancew~)) { var eqx = eq.x; var eqy = eq.y; eq.create(eq.name.split(~_~)[0] + ~@rage~[;] true[;] true[;] false); eq.downgrade(); eq.equipmentpanel.dispose(); eq.x = eqx; eq.y = eqy; eq.animate(~flash~); trace(~working?.~); } else if (eq.hastag(~stancesu~)) { var eqx = eq.x; var eqy = eq.y; eq.create(eq.name.split(~@~)[0] + ~@rage~[;] true[;] false[;] false); eq.equipmentpanel.dispose(); eq.x = eqx; eq.y = eqy; eq.animate(~flash~); trace(~working?.~); } else if (eq.hastag(~stancesd~)) { var eqx = eq.x; var eqy = eq.y; eq.create(eq.name.split(~@~)[0] + ~@rage~[;] false[;] true[;] false); eq.downgrade(); eq.equipmentpanel.dispose(); eq.x = eqx; eq.y = eqy; eq.animate(~flash~); trace(~working?.~); } else if (eq.hastag(~stancesw~)) { var eqx = eq.x; var eqy = eq.y; eq.create(eq.name.split(~@~)[0] + ~@rage~[;] true[;] true[;] false); eq.downgrade(); eq.equipmentpanel.dispose(); eq.x = eqx; eq.y = eqy; eq.animate(~flash~); trace(~working?.~); } } skill.fulldescription = ~Reroll your dice[;] and~ + ~#~.substr(0[;] 1) + ~get a higher value!~  + ~#~.substr(0[;] 1) + ~[gray](Reuseable)~; skill.animate(~flash~);,,,,,,,,,,
chargeup,Charge Up,sword,Charging up the cannon...,YES,NO,NO,NO,NO,,,,,,,,,,,
fade,Fade,vanish,Up to <value> duplicate dice are immediately destroyed.,YES,YES,NO,NO,YES,var skipsetup = false; var noeffect = false;  if(self.status.length > 0) for(stat in self.status) { if(stat.type == ~ncr_vanish~) skipsetup = true; if(stat.type == ~vanish~) noeffect = true; } if((self.getvar(~vanishactuator~) + 1 == ~SimpleActuator1~) # (target.getvar(~vanishactuator~) + 1 == ~SimpleActuator1~)) skipsetup = true; trace(skipsetup); trace(noeffect); if(skipsetup) trace(~skipping setup~); if(noeffect) { self.textparticle(~No effect!~); removestatusself(~ncr_vanish~|ALL); } else if(!skipsetup) {  trace(~starting vanish actuator~);  var tw = new motion.actuators.SimpleActuator(null|1/60|null);  tw._repeat = -1;  var s = new elements.Skill(~Against all odds_old~);  s.script = ~   if(self.hp <= 0 # self.graphic == null # target == null # target.graphic == null # target.hp <= 0) {    trace(\~vanish actuator stopped\~);    self.getvar(\~vanishactuator\~).stop();    self.resetvar(\~vanishactuator\~);   }   else {    if(self.dicepool.length > 0 && self.hasstatus(\~ncr_vanish\~)) {     var hasvalue = [false|false|false|false|false|false|false];     var dicevanished = false;     for (i in 0 ... self.dicepool.length){      if (self.dicepool[i].available()){       if (!self.dicepool[i].intween()){        if (!hasvalue[self.dicepool[i].basevalue]){         hasvalue[self.dicepool[i].basevalue] = true;        }else{         self.dicepool[i].animate(\~disappear\~);         dicevanished = true;         trace(\~decrementing self vanish\~);         removestatusself(\~ncr_vanish\~|1);         if(!self.hasstatus(\~ncr_vanish\~)) { trace(\~breaking vanish for self\~); break; }        }       }      }     }     if (dicevanished){      sfx(\~_diceburn\~);     }    }    if(target != null && target.dicepool.length > 0 && target.hasstatus(\~ncr_vanish\~)) {     var hasvalue = [false|false|false|false|false|false|false];     var dicevanished = false;     for (i in 0 ... target.dicepool.length){      if (target.dicepool[i].available()){       if (!target.dicepool[i].intween()){        if (!hasvalue[target.dicepool[i].basevalue]){         hasvalue[target.dicepool[i].basevalue] = true;        }else{         target.dicepool[i].animate(\~disappear\~);         target.dicepool[i].canbedragged = false;         dicevanished = true;         trace(\~decrementing target vanish\~);         removestatus(\~ncr_vanish\~|1);         if(!target.hasstatus(\~ncr_vanish\~)){ trace(\~breaking vanish for target\~); break; }        }       }      }     }     if (dicevanished){      sfx(\~_diceburn\~);     }    }   }  ~;  if(self.isplayer) s.execute(self|target); else s.execute(target|self);  if(self.isplayer) tw.onRepeat(s.execute|[self|target]); else tw.onRepeat(s.execute|[target|self]);  if(self.isplayer) self.setvar(~vanishactuator~|tw); else target.setvar(~vanishactuator~|tw);  tw.move(); },,,,,,,,,,
haunted,Haunted,haunted,Using any piece of equipment will|reroll a random dice.,YES,YES,NO,NO,YES,,,,,,,,,,,
trap,Trap,trap,Do 2x<value> damage upon taking damage[;]|then remove all stacks,YES,NO,NO,NO,NO,,,,,,,,,,attack(getstatusself(~trap~)*2); sfxdamage(target| getstatusself(~trap~)*2);  new motion.actuators.SimpleActuator(null[;] 0.01[;] null).onComplete(removestatusself[;] [~trap~[;] ALL]).move();,
